<?xml version="1.0" encoding="UTF-8"?><gpx xmlns="http://www.topografix.com/GPX/1/1" xmlns:gpxtpx="http://www.garmin.com/xmlschemas/TrackPointExtension/v1" version="1.1" creator="TruHabit synthetic replay fixture"><metadata><name>Synthetic sensor mismatch</name><desc>Artificial test data, no real runner or device: 22 km/h movement, heart rate 78 bpm and zero raw cadence.</desc></metadata><trk><name>Synthetic sensor mismatch activity</name><trkseg><trkpt lat="50.000000000" lon="14"><time>2026-09-09T10:00:00.000Z</time><extensions><gpxtpx:TrackPointExtension><gpxtpx:hr>78</gpxtpx:hr><gpxtpx:cad>0</gpxtpx:cad></gpxtpx:TrackPointExtension></extensions></trkpt><trkpt lat="50.000054959" lon="14"><time>2026-09-09T10:00:01.000Z</time><extensions><gpxtpx:TrackPointExtension><gpxtpx:hr>78</gpxtpx:hr><gpxtpx:cad>0</gpxtpx:cad></gpxtpx:TrackPointExtension></extensions></trkpt><trkpt lat="50.000109917" lon="14"><time>2026-09-09T10:00:02.000Z</time><extensions><gpxtpx:TrackPointExtension><gpxtpx:hr>78</gpxtpx:hr><gpxtpx:cad>0</gpxtpx:cad></gpxtpx:TrackPointExtension></extensions></trkpt><trkpt lat="50.000164876" lon="14"><time>2026-09-09T10:00:03.000Z</time><extensions><gpxtpx:TrackPointExtension><gpxtpx:hr>78</gpxtpx:hr><gpxtpx:cad>0</gpxtpx:cad></gpxtpx:TrackPointExtension></extensions></trkpt><trkpt lat="50.000219834" lon="14"><time>2026-09-09T10:00:04.000Z</time><extensions><gpxtpx:TrackPointExtension><gpxtpx:hr>78</gpxtpx:hr><gpxtpx:cad>0</gpxtpx:cad></gpxtpx:TrackPointExtension></extensions></trkpt><trkpt lat="50.000274793" lon="14"><time>2026-09-09T10:00:05.000Z</time><extensions><gpxtpx:TrackPointExtension><gpxtpx:hr>78</gpxtpx:hr><gpxtpx:cad>0</gpxtpx:cad></gpxtpx:TrackPointExtension></extensions></trkpt><trkpt lat="50.000329751" lon="14"><time>2026-09-09T10:00:06.000Z</time><extensions><gpxtpx:TrackPointExtension><gpxtpx:hr>78</gpxtpx:hr><gpxtpx:cad>0</gpxtpx:cad></gpxtpx:TrackPointExtension></extensions></trkpt><trkpt lat="50.000384710" lon="14"><time>2026-09-09T10:00:07.000Z</time><extensions><gpxtpx:TrackPointExtension><gpxtpx:hr>78</gpxtpx:hr><gpxtpx:cad>0</gpxtpx:cad></gpxtpx:TrackPointExtension></extensions></trkpt><trkpt lat="50.000439668" lon="14"><time>2026-09-09T10:00:08.000Z</time><extensions><gpxtpx:TrackPointExtension><gpxtpx:hr>78</gpxtpx:hr><gpxtpx:cad>0</gpxtpx:cad></gpxtpx:TrackPointExtension></extensions></trkpt><trkpt lat="50.000494627" lon="14"><time>2026-09-09T10:00:09.000Z</time><extensions><gpxtpx:TrackPointExtension><gpxtpx:hr>78</gpxtpx:hr><gpxtpx:cad>0</gpxtpx:cad></gpxtpx:TrackPointExtension></extensions></trkpt><trkpt lat="50.000549585" lon="14"><time>2026-09-09T10:00:10.000Z</time><extensions><gpxtpx:TrackPointExtension><gpxtpx:hr>78</gpxtpx:hr><gpxtpx:cad>0</gpxtpx:cad></gpxtpx:TrackPointExtension></extensions></trkpt><trkpt lat="50.000604544" lon="14"><time>2026-09-09T10:00:11.000Z</time><extensions><gpxtpx:TrackPointExtension><gpxtpx:hr>78</gpxtpx:hr><gpxtpx:cad>0</gpxtpx:cad></gpxtpx:TrackPointExtension></extensions></trkpt><trkpt lat="50.000659503" lon="14"><time>2026-09-09T10:00:12.000Z</time><extensions><gpxtpx:TrackPointExtension><gpxtpx:hr>78</gpxtpx:hr><gpxtpx:cad>0</gpxtpx:cad></gpxtpx:TrackPointExtension></extensions></trkpt><trkpt lat="50.000714461" lon="14"><time>2026-09-09T10:00:13.000Z</time><extensions><gpxtpx:TrackPointExtension><gpxtpx:hr>78</gpxtpx:hr><gpxtpx:cad>0</gpxtpx:cad></gpxtpx:TrackPointExtension></extensions></trkpt><trkpt lat="50.000769420" lon="14"><time>2026-09-09T10:00:14.000Z</time><extensions><gpxtpx:TrackPointExtension><gpxtpx:hr>78</gpxtpx:hr><gpxtpx:cad>0</gpxtpx:cad></gpxtpx:TrackPointExtension></extensions></trkpt><trkpt lat="50.000824378" lon="14"><time>2026-09-09T10:00:15.000Z</time><extensions><gpxtpx:TrackPointExtension><gpxtpx:hr>78</gpxtpx:hr><gpxtpx:cad>0</gpxtpx:cad></gpxtpx:TrackPointExtension></extensions></trkpt><trkpt lat="50.000879337" lon="14"><time>2026-09-09T10:00:16.000Z</time><extensions><gpxtpx:TrackPointExtension><gpxtpx:hr>78</gpxtpx:hr><gpxtpx:cad>0</gpxtpx:cad></gpxtpx:TrackPointExtension></extensions></trkpt><trkpt lat="50.000934295" lon="14"><time>2026-09-09T10:00:17.000Z</time><extensions><gpxtpx:TrackPointExtension><gpxtpx:hr>78</gpxtpx:hr><gpxtpx:cad>0</gpxtpx:cad></gpxtpx:TrackPointExtension></extensions></trkpt><trkpt lat="50.000989254" lon="14"><time>2026-09-09T10:00:18.000Z</time><extensions><gpxtpx:TrackPointExtension><gpxtpx:hr>78</gpxtpx:hr><gpxtpx:cad>0</gpxtpx:cad></gpxtpx:TrackPointExtension></extensions></trkpt><trkpt lat="50.001044212" lon="14"><time>2026-09-09T10:00:19.000Z</time><extensions><gpxtpx:TrackPointExtension><gpxtpx:hr>78</gpxtpx:hr><gpxtpx:cad>0</gpxtpx:cad></gpxtpx:TrackPointExtension></extensions></trkpt><trkpt lat="50.001099171" lon="14"><time>2026-09-09T10:00:20.000Z</time><extensions><gpxtpx:TrackPointExtension><gpxtpx:hr>78</gpxtpx:hr><gpxtpx:cad>0</gpxtpx:cad></gpxtpx:TrackPointExtension></extensions></trkpt><trkpt lat="50.001154129" lon="14"><time>2026-09-09T10:00:21.000Z</time><extensions><gpxtpx:TrackPointExtension><gpxtpx:hr>78</gpxtpx:hr><gpxtpx:cad>0</gpxtpx:cad></gpxtpx:TrackPointExtension></extensions></trkpt><trkpt lat="50.001209088" lon="14"><time>2026-09-09T10:00:22.000Z</time><extensions><gpxtpx:TrackPointExtension><gpxtpx:hr>78</gpxtpx:hr><gpxtpx:cad>0</gpxtpx:cad></gpxtpx:TrackPointExtension></extensions></trkpt><trkpt lat="50.001264046" lon="14"><time>2026-09-09T10:00:23.000Z</time><extensions><gpxtpx:TrackPointExtension><gpxtpx:hr>78</gpxtpx:hr><gpxtpx:cad>0</gpxtpx:cad></gpxtpx:TrackPointExtension></extensions></trkpt><trkpt lat="50.001319005" lon="14"><time>2026-09-09T10:00:24.000Z</time><extensions><gpxtpx:TrackPointExtension><gpxtpx:hr>78</gpxtpx:hr><gpxtpx:cad>0</gpxtpx:cad></gpxtpx:TrackPointExtension></extensions></trkpt><trkpt lat="50.001373964" lon="14"><time>2026-09-09T10:00:25.000Z</time><extensions><gpxtpx:TrackPointExtension><gpxtpx:hr>78</gpxtpx:hr><gpxtpx:cad>0</gpxtpx:cad></gpxtpx:TrackPointExtension></extensions></trkpt><trkpt lat="50.001428922" lon="14"><time>2026-09-09T10:00:26.000Z</time><extensions><gpxtpx:TrackPointExtension><gpxtpx:hr>78</gpxtpx:hr><gpxtpx:cad>0</gpxtpx:cad></gpxtpx:TrackPointExtension></extensions></trkpt><trkpt lat="50.001483881" lon="14"><time>2026-09-09T10:00:27.000Z</time><extensions><gpxtpx:TrackPointExtension><gpxtpx:hr>78</gpxtpx:hr><gpxtpx:cad>0</gpxtpx:cad></gpxtpx:TrackPointExtension></extensions></trkpt><trkpt lat="50.001538839" lon="14"><time>2026-09-09T10:00:28.000Z</time><extensions><gpxtpx:TrackPointExtension><gpxtpx:hr>78</gpxtpx:hr><gpxtpx:cad>0</gpxtpx:cad></gpxtpx:TrackPointExtension></extensions></trkpt><trkpt lat="50.001593798" lon="14"><time>2026-09-09T10:00:29.000Z</time><extensions><gpxtpx:TrackPointExtension><gpxtpx:hr>78</gpxtpx:hr><gpxtpx:cad>0</gpxtpx:cad></gpxtpx:TrackPointExtension></extensions></trkpt><trkpt lat="50.001648756" lon="14"><time>2026-09-09T10:00:30.000Z</time><extensions><gpxtpx:TrackPointExtension><gpxtpx:hr>78</gpxtpx:hr><gpxtpx:cad>0</gpxtpx:cad></gpxtpx:TrackPointExtension></extensions></trkpt><trkpt lat="50.001703715" lon="14"><time>2026-09-09T10:00:31.000Z</time><extensions><gpxtpx:TrackPointExtension><gpxtpx:hr>78</gpxtpx:hr><gpxtpx:cad>0</gpxtpx:cad></gpxtpx:TrackPointExtension></extensions></trkpt><trkpt lat="50.001758673" lon="14"><time>2026-09-09T10:00:32.000Z</time><extensions><gpxtpx:TrackPointExtension><gpxtpx:hr>78</gpxtpx:hr><gpxtpx:cad>0</gpxtpx:cad></gpxtpx:TrackPointExtension></extensions></trkpt><trkpt lat="50.001813632" lon="14"><time>2026-09-09T10:00:33.000Z</time><extensions><gpxtpx:TrackPointExtension><gpxtpx:hr>78</gpxtpx:hr><gpxtpx:cad>0</gpxtpx:cad></gpxtpx:TrackPointExtension></extensions></trkpt><trkpt lat="50.001868590" lon="14"><time>2026-09-09T10:00:34.000Z</time><extensions><gpxtpx:TrackPointExtension><gpxtpx:hr>78</gpxtpx:hr><gpxtpx:cad>0</gpxtpx:cad></gpxtpx:TrackPointExtension></extensions></trkpt><trkpt lat="50.001923549" lon="14"><time>2026-09-09T10:00:35.000Z</time><extensions><gpxtpx:TrackPointExtension><gpxtpx:hr>78</gpxtpx:hr><gpxtpx:cad>0</gpxtpx:cad></gpxtpx:TrackPointExtension></extensions></trkpt><trkpt lat="50.001978508" lon="14"><time>2026-09-09T10:00:36.000Z</time><extensions><gpxtpx:TrackPointExtension><gpxtpx:hr>78</gpxtpx:hr><gpxtpx:cad>0</gpxtpx:cad></gpxtpx:TrackPointExtension></extensions></trkpt><trkpt lat="50.002033466" lon="14"><time>2026-09-09T10:00:37.000Z</time><extensions><gpxtpx:TrackPointExtension><gpxtpx:hr>78</gpxtpx:hr><gpxtpx:cad>0</gpxtpx:cad></gpxtpx:TrackPointExtension></extensions></trkpt><trkpt lat="50.002088425" lon="14"><time>2026-09-09T10:00:38.000Z</time><extensions><gpxtpx:TrackPointExtension><gpxtpx:hr>78</gpxtpx:hr><gpxtpx:cad>0</gpxtpx:cad></gpxtpx:TrackPointExtension></extensions></trkpt><trkpt lat="50.002143383" lon="14"><time>2026-09-09T10:00:39.000Z</time><extensions><gpxtpx:TrackPointExtension><gpxtpx:hr>78</gpxtpx:hr><gpxtpx:cad>0</gpxtpx:cad></gpxtpx:TrackPointExtension></extensions></trkpt><trkpt lat="50.002198342" lon="14"><time>2026-09-09T10:00:40.000Z</time><extensions><gpxtpx:TrackPointExtension><gpxtpx:hr>78</gpxtpx:hr><gpxtpx:cad>0</gpxtpx:cad></gpxtpx:TrackPointExtension></extensions></trkpt><trkpt lat="50.002253300" lon="14"><time>2026-09-09T10:00:41.000Z</time><extensions><gpxtpx:TrackPointExtension><gpxtpx:hr>78</gpxtpx:hr><gpxtpx:cad>0</gpxtpx:cad></gpxtpx:TrackPointExtension></extensions></trkpt><trkpt lat="50.002308259" lon="14"><time>2026-09-09T10:00:42.000Z</time><extensions><gpxtpx:TrackPointExtension><gpxtpx:hr>78</gpxtpx:hr><gpxtpx:cad>0</gpxtpx:cad></gpxtpx:TrackPointExtension></extensions></trkpt><trkpt lat="50.002363217" lon="14"><time>2026-09-09T10:00:43.000Z</time><extensions><gpxtpx:TrackPointExtension><gpxtpx:hr>78</gpxtpx:hr><gpxtpx:cad>0</gpxtpx:cad></gpxtpx:TrackPointExtension></extensions></trkpt><trkpt lat="50.002418176" lon="14"><time>2026-09-09T10:00:44.000Z</time><extensions><gpxtpx:TrackPointExtension><gpxtpx:hr>78</gpxtpx:hr><gpxtpx:cad>0</gpxtpx:cad></gpxtpx:TrackPointExtension></extensions></trkpt><trkpt lat="50.002473134" lon="14"><time>2026-09-09T10:00:45.000Z</time><extensions><gpxtpx:TrackPointExtension><gpxtpx:hr>78</gpxtpx:hr><gpxtpx:cad>0</gpxtpx:cad></gpxtpx:TrackPointExtension></extensions></trkpt><trkpt lat="50.002528093" lon="14"><time>2026-09-09T10:00:46.000Z</time><extensions><gpxtpx:TrackPointExtension><gpxtpx:hr>78</gpxtpx:hr><gpxtpx:cad>0</gpxtpx:cad></gpxtpx:TrackPointExtension></extensions></trkpt><trkpt lat="50.002583052" lon="14"><time>2026-09-09T10:00:47.000Z</time><extensions><gpxtpx:TrackPointExtension><gpxtpx:hr>78</gpxtpx:hr><gpxtpx:cad>0</gpxtpx:cad></gpxtpx:TrackPointExtension></extensions></trkpt><trkpt lat="50.002638010" lon="14"><time>2026-09-09T10:00:48.000Z</time><extensions><gpxtpx:TrackPointExtension><gpxtpx:hr>78</gpxtpx:hr><gpxtpx:cad>0</gpxtpx:cad></gpxtpx:TrackPointExtension></extensions></trkpt><trkpt lat="50.002692969" lon="14"><time>2026-09-09T10:00:49.000Z</time><extensions><gpxtpx:TrackPointExtension><gpxtpx:hr>78</gpxtpx:hr><gpxtpx:cad>0</gpxtpx:cad></gpxtpx:TrackPointExtension></extensions></trkpt><trkpt lat="50.002747927" lon="14"><time>2026-09-09T10:00:50.000Z</time><extensions><gpxtpx:TrackPointExtension><gpxtpx:hr>78</gpxtpx:hr><gpxtpx:cad>0</gpxtpx:cad></gpxtpx:TrackPointExtension></extensions></trkpt><trkpt lat="50.002802886" lon="14"><time>2026-09-09T10:00:51.000Z</time><extensions><gpxtpx:TrackPointExtension><gpxtpx:hr>78</gpxtpx:hr><gpxtpx:cad>0</gpxtpx:cad></gpxtpx:TrackPointExtension></extensions></trkpt><trkpt lat="50.002857844" lon="14"><time>2026-09-09T10:00:52.000Z</time><extensions><gpxtpx:TrackPointExtension><gpxtpx:hr>78</gpxtpx:hr><gpxtpx:cad>0</gpxtpx:cad></gpxtpx:TrackPointExtension></extensions></trkpt><trkpt lat="50.002912803" lon="14"><time>2026-09-09T10:00:53.000Z</time><extensions><gpxtpx:TrackPointExtension><gpxtpx:hr>78</gpxtpx:hr><gpxtpx:cad>0</gpxtpx:cad></gpxtpx:TrackPointExtension></extensions></trkpt><trkpt lat="50.002967761" lon="14"><time>2026-09-09T10:00:54.000Z</time><extensions><gpxtpx:TrackPointExtension><gpxtpx:hr>78</gpxtpx:hr><gpxtpx:cad>0</gpxtpx:cad></gpxtpx:TrackPointExtension></extensions></trkpt><trkpt lat="50.003022720" lon="14"><time>2026-09-09T10:00:55.000Z</time><extensions><gpxtpx:TrackPointExtension><gpxtpx:hr>78</gpxtpx:hr><gpxtpx:cad>0</gpxtpx:cad></gpxtpx:TrackPointExtension></extensions></trkpt><trkpt lat="50.003077678" lon="14"><time>2026-09-09T10:00:56.000Z</time><extensions><gpxtpx:TrackPointExtension><gpxtpx:hr>78</gpxtpx:hr><gpxtpx:cad>0</gpxtpx:cad></gpxtpx:TrackPointExtension></extensions></trkpt><trkpt lat="50.003132637" lon="14"><time>2026-09-09T10:00:57.000Z</time><extensions><gpxtpx:TrackPointExtension><gpxtpx:hr>78</gpxtpx:hr><gpxtpx:cad>0</gpxtpx:cad></gpxtpx:TrackPointExtension></extensions></trkpt><trkpt lat="50.003187595" lon="14"><time>2026-09-09T10:00:58.000Z</time><extensions><gpxtpx:TrackPointExtension><gpxtpx:hr>78</gpxtpx:hr><gpxtpx:cad>0</gpxtpx:cad></gpxtpx:TrackPointExtension></extensions></trkpt><trkpt lat="50.003242554" lon="14"><time>2026-09-09T10:00:59.000Z</time><extensions><gpxtpx:TrackPointExtension><gpxtpx:hr>78</gpxtpx:hr><gpxtpx:cad>0</gpxtpx:cad></gpxtpx:TrackPointExtension></extensions></trkpt><trkpt lat="50.003297513" lon="14"><time>2026-09-09T10:01:00.000Z</time><extensions><gpxtpx:TrackPointExtension><gpxtpx:hr>78</gpxtpx:hr><gpxtpx:cad>0</gpxtpx:cad></gpxtpx:TrackPointExtension></extensions></trkpt><trkpt lat="50.003352471" lon="14"><time>2026-09-09T10:01:01.000Z</time><extensions><gpxtpx:TrackPointExtension><gpxtpx:hr>78</gpxtpx:hr><gpxtpx:cad>0</gpxtpx:cad></gpxtpx:TrackPointExtension></extensions></trkpt><trkpt lat="50.003407430" lon="14"><time>2026-09-09T10:01:02.000Z</time><extensions><gpxtpx:TrackPointExtension><gpxtpx:hr>78</gpxtpx:hr><gpxtpx:cad>0</gpxtpx:cad></gpxtpx:TrackPointExtension></extensions></trkpt><trkpt lat="50.003462388" lon="14"><time>2026-09-09T10:01:03.000Z</time><extensions><gpxtpx:TrackPointExtension><gpxtpx:hr>78</gpxtpx:hr><gpxtpx:cad>0</gpxtpx:cad></gpxtpx:TrackPointExtension></extensions></trkpt><trkpt lat="50.003517347" lon="14"><time>2026-09-09T10:01:04.000Z</time><extensions><gpxtpx:TrackPointExtension><gpxtpx:hr>78</gpxtpx:hr><gpxtpx:cad>0</gpxtpx:cad></gpxtpx:TrackPointExtension></extensions></trkpt><trkpt lat="50.003572305" lon="14"><time>2026-09-09T10:01:05.000Z</time><extensions><gpxtpx:TrackPointExtension><gpxtpx:hr>78</gpxtpx:hr><gpxtpx:cad>0</gpxtpx:cad></gpxtpx:TrackPointExtension></extensions></trkpt><trkpt lat="50.003627264" lon="14"><time>2026-09-09T10:01:06.000Z</time><extensions><gpxtpx:TrackPointExtension><gpxtpx:hr>78</gpxtpx:hr><gpxtpx:cad>0</gpxtpx:cad></gpxtpx:TrackPointExtension></extensions></trkpt><trkpt lat="50.003682222" lon="14"><time>2026-09-09T10:01:07.000Z</time><extensions><gpxtpx:TrackPointExtension><gpxtpx:hr>78</gpxtpx:hr><gpxtpx:cad>0</gpxtpx:cad></gpxtpx:TrackPointExtension></extensions></trkpt><trkpt lat="50.003737181" lon="14"><time>2026-09-09T10:01:08.000Z</time><extensions><gpxtpx:TrackPointExtension><gpxtpx:hr>78</gpxtpx:hr><gpxtpx:cad>0</gpxtpx:cad></gpxtpx:TrackPointExtension></extensions></trkpt><trkpt lat="50.003792139" lon="14"><time>2026-09-09T10:01:09.000Z</time><extensions><gpxtpx:TrackPointExtension><gpxtpx:hr>78</gpxtpx:hr><gpxtpx:cad>0</gpxtpx:cad></gpxtpx:TrackPointExtension></extensions></trkpt><trkpt lat="50.003847098" lon="14"><time>2026-09-09T10:01:10.000Z</time><extensions><gpxtpx:TrackPointExtension><gpxtpx:hr>78</gpxtpx:hr><gpxtpx:cad>0</gpxtpx:cad></gpxtpx:TrackPointExtension></extensions></trkpt><trkpt lat="50.003902057" lon="14"><time>2026-09-09T10:01:11.000Z</time><extensions><gpxtpx:TrackPointExtension><gpxtpx:hr>78</gpxtpx:hr><gpxtpx:cad>0</gpxtpx:cad></gpxtpx:TrackPointExtension></extensions></trkpt><trkpt lat="50.003957015" lon="14"><time>2026-09-09T10:01:12.000Z</time><extensions><gpxtpx:TrackPointExtension><gpxtpx:hr>78</gpxtpx:hr><gpxtpx:cad>0</gpxtpx:cad></gpxtpx:TrackPointExtension></extensions></trkpt><trkpt lat="50.004011974" lon="14"><time>2026-09-09T10:01:13.000Z</time><extensions><gpxtpx:TrackPointExtension><gpxtpx:hr>78</gpxtpx:hr><gpxtpx:cad>0</gpxtpx:cad></gpxtpx:TrackPointExtension></extensions></trkpt><trkpt lat="50.004066932" lon="14"><time>2026-09-09T10:01:14.000Z</time><extensions><gpxtpx:TrackPointExtension><gpxtpx:hr>78</gpxtpx:hr><gpxtpx:cad>0</gpxtpx:cad></gpxtpx:TrackPointExtension></extensions></trkpt><trkpt lat="50.004121891" lon="14"><time>2026-09-09T10:01:15.000Z</time><extensions><gpxtpx:TrackPointExtension><gpxtpx:hr>78</gpxtpx:hr><gpxtpx:cad>0</gpxtpx:cad></gpxtpx:TrackPointExtension></extensions></trkpt><trkpt lat="50.004176849" lon="14"><time>2026-09-09T10:01:16.000Z</time><extensions><gpxtpx:TrackPointExtension><gpxtpx:hr>78</gpxtpx:hr><gpxtpx:cad>0</gpxtpx:cad></gpxtpx:TrackPointExtension></extensions></trkpt><trkpt lat="50.004231808" lon="14"><time>2026-09-09T10:01:17.000Z</time><extensions><gpxtpx:TrackPointExtension><gpxtpx:hr>78</gpxtpx:hr><gpxtpx:cad>0</gpxtpx:cad></gpxtpx:TrackPointExtension></extensions></trkpt><trkpt lat="50.004286766" lon="14"><time>2026-09-09T10:01:18.000Z</time><extensions><gpxtpx:TrackPointExtension><gpxtpx:hr>78</gpxtpx:hr><gpxtpx:cad>0</gpxtpx:cad></gpxtpx:TrackPointExtension></extensions></trkpt><trkpt lat="50.004341725" lon="14"><time>2026-09-09T10:01:19.000Z</time><extensions><gpxtpx:TrackPointExtension><gpxtpx:hr>78</gpxtpx:hr><gpxtpx:cad>0</gpxtpx:cad></gpxtpx:TrackPointExtension></extensions></trkpt><trkpt lat="50.004396683" lon="14"><time>2026-09-09T10:01:20.000Z</time><extensions><gpxtpx:TrackPointExtension><gpxtpx:hr>78</gpxtpx:hr><gpxtpx:cad>0</gpxtpx:cad></gpxtpx:TrackPointExtension></extensions></trkpt><trkpt lat="50.004451642" lon="14"><time>2026-09-09T10:01:21.000Z</time><extensions><gpxtpx:TrackPointExtension><gpxtpx:hr>78</gpxtpx:hr><gpxtpx:cad>0</gpxtpx:cad></gpxtpx:TrackPointExtension></extensions></trkpt><trkpt lat="50.004506600" lon="14"><time>2026-09-09T10:01:22.000Z</time><extensions><gpxtpx:TrackPointExtension><gpxtpx:hr>78</gpxtpx:hr><gpxtpx:cad>0</gpxtpx:cad></gpxtpx:TrackPointExtension></extensions></trkpt><trkpt lat="50.004561559" lon="14"><time>2026-09-09T10:01:23.000Z</time><extensions><gpxtpx:TrackPointExtension><gpxtpx:hr>78</gpxtpx:hr><gpxtpx:cad>0</gpxtpx:cad></gpxtpx:TrackPointExtension></extensions></trkpt><trkpt lat="50.004616518" lon="14"><time>2026-09-09T10:01:24.000Z</time><extensions><gpxtpx:TrackPointExtension><gpxtpx:hr>78</gpxtpx:hr><gpxtpx:cad>0</gpxtpx:cad></gpxtpx:TrackPointExtension></extensions></trkpt><trkpt lat="50.004671476" lon="14"><time>2026-09-09T10:01:25.000Z</time><extensions><gpxtpx:TrackPointExtension><gpxtpx:hr>78</gpxtpx:hr><gpxtpx:cad>0</gpxtpx:cad></gpxtpx:TrackPointExtension></extensions></trkpt><trkpt lat="50.004726435" lon="14"><time>2026-09-09T10:01:26.000Z</time><extensions><gpxtpx:TrackPointExtension><gpxtpx:hr>78</gpxtpx:hr><gpxtpx:cad>0</gpxtpx:cad></gpxtpx:TrackPointExtension></extensions></trkpt><trkpt lat="50.004781393" lon="14"><time>2026-09-09T10:01:27.000Z</time><extensions><gpxtpx:TrackPointExtension><gpxtpx:hr>78</gpxtpx:hr><gpxtpx:cad>0</gpxtpx:cad></gpxtpx:TrackPointExtension></extensions></trkpt><trkpt lat="50.004836352" lon="14"><time>2026-09-09T10:01:28.000Z</time><extensions><gpxtpx:TrackPointExtension><gpxtpx:hr>78</gpxtpx:hr><gpxtpx:cad>0</gpxtpx:cad></gpxtpx:TrackPointExtension></extensions></trkpt><trkpt lat="50.004891310" lon="14"><time>2026-09-09T10:01:29.000Z</time><extensions><gpxtpx:TrackPointExtension><gpxtpx:hr>78</gpxtpx:hr><gpxtpx:cad>0</gpxtpx:cad></gpxtpx:TrackPointExtension></extensions></trkpt><trkpt lat="50.004946269" lon="14"><time>2026-09-09T10:01:30.000Z</time><extensions><gpxtpx:TrackPointExtension><gpxtpx:hr>78</gpxtpx:hr><gpxtpx:cad>0</gpxtpx:cad></gpxtpx:TrackPointExtension></extensions></trkpt><trkpt lat="50.005001227" lon="14"><time>2026-09-09T10:01:31.000Z</time><extensions><gpxtpx:TrackPointExtension><gpxtpx:hr>78</gpxtpx:hr><gpxtpx:cad>0</gpxtpx:cad></gpxtpx:TrackPointExtension></extensions></trkpt><trkpt lat="50.005056186" lon="14"><time>2026-09-09T10:01:32.000Z</time><extensions><gpxtpx:TrackPointExtension><gpxtpx:hr>78</gpxtpx:hr><gpxtpx:cad>0</gpxtpx:cad></gpxtpx:TrackPointExtension></extensions></trkpt><trkpt lat="50.005111144" lon="14"><time>2026-09-09T10:01:33.000Z</time><extensions><gpxtpx:TrackPointExtension><gpxtpx:hr>78</gpxtpx:hr><gpxtpx:cad>0</gpxtpx:cad></gpxtpx:TrackPointExtension></extensions></trkpt><trkpt lat="50.005166103" lon="14"><time>2026-09-09T10:01:34.000Z</time><extensions><gpxtpx:TrackPointExtension><gpxtpx:hr>78</gpxtpx:hr><gpxtpx:cad>0</gpxtpx:cad></gpxtpx:TrackPointExtension></extensions></trkpt><trkpt lat="50.005221062" lon="14"><time>2026-09-09T10:01:35.000Z</time><extensions><gpxtpx:TrackPointExtension><gpxtpx:hr>78</gpxtpx:hr><gpxtpx:cad>0</gpxtpx:cad></gpxtpx:TrackPointExtension></extensions></trkpt><trkpt lat="50.005276020" lon="14"><time>2026-09-09T10:01:36.000Z</time><extensions><gpxtpx:TrackPointExtension><gpxtpx:hr>78</gpxtpx:hr><gpxtpx:cad>0</gpxtpx:cad></gpxtpx:TrackPointExtension></extensions></trkpt><trkpt lat="50.005330979" lon="14"><time>2026-09-09T10:01:37.000Z</time><extensions><gpxtpx:TrackPointExtension><gpxtpx:hr>78</gpxtpx:hr><gpxtpx:cad>0</gpxtpx:cad></gpxtpx:TrackPointExtension></extensions></trkpt><trkpt lat="50.005385937" lon="14"><time>2026-09-09T10:01:38.000Z</time><extensions><gpxtpx:TrackPointExtension><gpxtpx:hr>78</gpxtpx:hr><gpxtpx:cad>0</gpxtpx:cad></gpxtpx:TrackPointExtension></extensions></trkpt><trkpt lat="50.005440896" lon="14"><time>2026-09-09T10:01:39.000Z</time><extensions><gpxtpx:TrackPointExtension><gpxtpx:hr>78</gpxtpx:hr><gpxtpx:cad>0</gpxtpx:cad></gpxtpx:TrackPointExtension></extensions></trkpt><trkpt lat="50.005495854" lon="14"><time>2026-09-09T10:01:40.000Z</time><extensions><gpxtpx:TrackPointExtension><gpxtpx:hr>78</gpxtpx:hr><gpxtpx:cad>0</gpxtpx:cad></gpxtpx:TrackPointExtension></extensions></trkpt><trkpt lat="50.005550813" lon="14"><time>2026-09-09T10:01:41.000Z</time><extensions><gpxtpx:TrackPointExtension><gpxtpx:hr>78</gpxtpx:hr><gpxtpx:cad>0</gpxtpx:cad></gpxtpx:TrackPointExtension></extensions></trkpt><trkpt lat="50.005605771" lon="14"><time>2026-09-09T10:01:42.000Z</time><extensions><gpxtpx:TrackPointExtension><gpxtpx:hr>78</gpxtpx:hr><gpxtpx:cad>0</gpxtpx:cad></gpxtpx:TrackPointExtension></extensions></trkpt><trkpt lat="50.005660730" lon="14"><time>2026-09-09T10:01:43.000Z</time><extensions><gpxtpx:TrackPointExtension><gpxtpx:hr>78</gpxtpx:hr><gpxtpx:cad>0</gpxtpx:cad></gpxtpx:TrackPointExtension></extensions></trkpt><trkpt lat="50.005715688" lon="14"><time>2026-09-09T10:01:44.000Z</time><extensions><gpxtpx:TrackPointExtension><gpxtpx:hr>78</gpxtpx:hr><gpxtpx:cad>0</gpxtpx:cad></gpxtpx:TrackPointExtension></extensions></trkpt><trkpt lat="50.005770647" lon="14"><time>2026-09-09T10:01:45.000Z</time><extensions><gpxtpx:TrackPointExtension><gpxtpx:hr>78</gpxtpx:hr><gpxtpx:cad>0</gpxtpx:cad></gpxtpx:TrackPointExtension></extensions></trkpt><trkpt lat="50.005825606" lon="14"><time>2026-09-09T10:01:46.000Z</time><extensions><gpxtpx:TrackPointExtension><gpxtpx:hr>78</gpxtpx:hr><gpxtpx:cad>0</gpxtpx:cad></gpxtpx:TrackPointExtension></extensions></trkpt><trkpt lat="50.005880564" lon="14"><time>2026-09-09T10:01:47.000Z</time><extensions><gpxtpx:TrackPointExtension><gpxtpx:hr>78</gpxtpx:hr><gpxtpx:cad>0</gpxtpx:cad></gpxtpx:TrackPointExtension></extensions></trkpt><trkpt lat="50.005935523" lon="14"><time>2026-09-09T10:01:48.000Z</time><extensions><gpxtpx:TrackPointExtension><gpxtpx:hr>78</gpxtpx:hr><gpxtpx:cad>0</gpxtpx:cad></gpxtpx:TrackPointExtension></extensions></trkpt><trkpt lat="50.005990481" lon="14"><time>2026-09-09T10:01:49.000Z</time><extensions><gpxtpx:TrackPointExtension><gpxtpx:hr>78</gpxtpx:hr><gpxtpx:cad>0</gpxtpx:cad></gpxtpx:TrackPointExtension></extensions></trkpt><trkpt lat="50.006045440" lon="14"><time>2026-09-09T10:01:50.000Z</time><extensions><gpxtpx:TrackPointExtension><gpxtpx:hr>78</gpxtpx:hr><gpxtpx:cad>0</gpxtpx:cad></gpxtpx:TrackPointExtension></extensions></trkpt><trkpt lat="50.006100398" lon="14"><time>2026-09-09T10:01:51.000Z</time><extensions><gpxtpx:TrackPointExtension><gpxtpx:hr>78</gpxtpx:hr><gpxtpx:cad>0</gpxtpx:cad></gpxtpx:TrackPointExtension></extensions></trkpt><trkpt lat="50.006155357" lon="14"><time>2026-09-09T10:01:52.000Z</time><extensions><gpxtpx:TrackPointExtension><gpxtpx:hr>78</gpxtpx:hr><gpxtpx:cad>0</gpxtpx:cad></gpxtpx:TrackPointExtension></extensions></trkpt><trkpt lat="50.006210315" lon="14"><time>2026-09-09T10:01:53.000Z</time><extensions><gpxtpx:TrackPointExtension><gpxtpx:hr>78</gpxtpx:hr><gpxtpx:cad>0</gpxtpx:cad></gpxtpx:TrackPointExtension></extensions></trkpt><trkpt lat="50.006265274" lon="14"><time>2026-09-09T10:01:54.000Z</time><extensions><gpxtpx:TrackPointExtension><gpxtpx:hr>78</gpxtpx:hr><gpxtpx:cad>0</gpxtpx:cad></gpxtpx:TrackPointExtension></extensions></trkpt><trkpt lat="50.006320232" lon="14"><time>2026-09-09T10:01:55.000Z</time><extensions><gpxtpx:TrackPointExtension><gpxtpx:hr>78</gpxtpx:hr><gpxtpx:cad>0</gpxtpx:cad></gpxtpx:TrackPointExtension></extensions></trkpt><trkpt lat="50.006375191" lon="14"><time>2026-09-09T10:01:56.000Z</time><extensions><gpxtpx:TrackPointExtension><gpxtpx:hr>78</gpxtpx:hr><gpxtpx:cad>0</gpxtpx:cad></gpxtpx:TrackPointExtension></extensions></trkpt><trkpt lat="50.006430149" lon="14"><time>2026-09-09T10:01:57.000Z</time><extensions><gpxtpx:TrackPointExtension><gpxtpx:hr>78</gpxtpx:hr><gpxtpx:cad>0</gpxtpx:cad></gpxtpx:TrackPointExtension></extensions></trkpt><trkpt lat="50.006485108" lon="14"><time>2026-09-09T10:01:58.000Z</time><extensions><gpxtpx:TrackPointExtension><gpxtpx:hr>78</gpxtpx:hr><gpxtpx:cad>0</gpxtpx:cad></gpxtpx:TrackPointExtension></extensions></trkpt><trkpt lat="50.006540067" lon="14"><time>2026-09-09T10:01:59.000Z</time><extensions><gpxtpx:TrackPointExtension><gpxtpx:hr>78</gpxtpx:hr><gpxtpx:cad>0</gpxtpx:cad></gpxtpx:TrackPointExtension></extensions></trkpt><trkpt lat="50.006595025" lon="14"><time>2026-09-09T10:02:00.000Z</time><extensions><gpxtpx:TrackPointExtension><gpxtpx:hr>78</gpxtpx:hr><gpxtpx:cad>0</gpxtpx:cad></gpxtpx:TrackPointExtension></extensions></trkpt><trkpt lat="50.006649984" lon="14"><time>2026-09-09T10:02:01.000Z</time><extensions><gpxtpx:TrackPointExtension><gpxtpx:hr>78</gpxtpx:hr><gpxtpx:cad>0</gpxtpx:cad></gpxtpx:TrackPointExtension></extensions></trkpt><trkpt lat="50.006704942" lon="14"><time>2026-09-09T10:02:02.000Z</time><extensions><gpxtpx:TrackPointExtension><gpxtpx:hr>78</gpxtpx:hr><gpxtpx:cad>0</gpxtpx:cad></gpxtpx:TrackPointExtension></extensions></trkpt><trkpt lat="50.006759901" lon="14"><time>2026-09-09T10:02:03.000Z</time><extensions><gpxtpx:TrackPointExtension><gpxtpx:hr>78</gpxtpx:hr><gpxtpx:cad>0</gpxtpx:cad></gpxtpx:TrackPointExtension></extensions></trkpt><trkpt lat="50.006814859" lon="14"><time>2026-09-09T10:02:04.000Z</time><extensions><gpxtpx:TrackPointExtension><gpxtpx:hr>78</gpxtpx:hr><gpxtpx:cad>0</gpxtpx:cad></gpxtpx:TrackPointExtension></extensions></trkpt><trkpt lat="50.006869818" lon="14"><time>2026-09-09T10:02:05.000Z</time><extensions><gpxtpx:TrackPointExtension><gpxtpx:hr>78</gpxtpx:hr><gpxtpx:cad>0</gpxtpx:cad></gpxtpx:TrackPointExtension></extensions></trkpt><trkpt lat="50.006924776" lon="14"><time>2026-09-09T10:02:06.000Z</time><extensions><gpxtpx:TrackPointExtension><gpxtpx:hr>78</gpxtpx:hr><gpxtpx:cad>0</gpxtpx:cad></gpxtpx:TrackPointExtension></extensions></trkpt><trkpt lat="50.006979735" lon="14"><time>2026-09-09T10:02:07.000Z</time><extensions><gpxtpx:TrackPointExtension><gpxtpx:hr>78</gpxtpx:hr><gpxtpx:cad>0</gpxtpx:cad></gpxtpx:TrackPointExtension></extensions></trkpt><trkpt lat="50.007034693" lon="14"><time>2026-09-09T10:02:08.000Z</time><extensions><gpxtpx:TrackPointExtension><gpxtpx:hr>78</gpxtpx:hr><gpxtpx:cad>0</gpxtpx:cad></gpxtpx:TrackPointExtension></extensions></trkpt><trkpt lat="50.007089652" lon="14"><time>2026-09-09T10:02:09.000Z</time><extensions><gpxtpx:TrackPointExtension><gpxtpx:hr>78</gpxtpx:hr><gpxtpx:cad>0</gpxtpx:cad></gpxtpx:TrackPointExtension></extensions></trkpt><trkpt lat="50.007144611" lon="14"><time>2026-09-09T10:02:10.000Z</time><extensions><gpxtpx:TrackPointExtension><gpxtpx:hr>78</gpxtpx:hr><gpxtpx:cad>0</gpxtpx:cad></gpxtpx:TrackPointExtension></extensions></trkpt><trkpt lat="50.007199569" lon="14"><time>2026-09-09T10:02:11.000Z</time><extensions><gpxtpx:TrackPointExtension><gpxtpx:hr>78</gpxtpx:hr><gpxtpx:cad>0</gpxtpx:cad></gpxtpx:TrackPointExtension></extensions></trkpt><trkpt lat="50.007254528" lon="14"><time>2026-09-09T10:02:12.000Z</time><extensions><gpxtpx:TrackPointExtension><gpxtpx:hr>78</gpxtpx:hr><gpxtpx:cad>0</gpxtpx:cad></gpxtpx:TrackPointExtension></extensions></trkpt><trkpt lat="50.007309486" lon="14"><time>2026-09-09T10:02:13.000Z</time><extensions><gpxtpx:TrackPointExtension><gpxtpx:hr>78</gpxtpx:hr><gpxtpx:cad>0</gpxtpx:cad></gpxtpx:TrackPointExtension></extensions></trkpt><trkpt lat="50.007364445" lon="14"><time>2026-09-09T10:02:14.000Z</time><extensions><gpxtpx:TrackPointExtension><gpxtpx:hr>78</gpxtpx:hr><gpxtpx:cad>0</gpxtpx:cad></gpxtpx:TrackPointExtension></extensions></trkpt><trkpt lat="50.007419403" lon="14"><time>2026-09-09T10:02:15.000Z</time><extensions><gpxtpx:TrackPointExtension><gpxtpx:hr>78</gpxtpx:hr><gpxtpx:cad>0</gpxtpx:cad></gpxtpx:TrackPointExtension></extensions></trkpt><trkpt lat="50.007474362" lon="14"><time>2026-09-09T10:02:16.000Z</time><extensions><gpxtpx:TrackPointExtension><gpxtpx:hr>78</gpxtpx:hr><gpxtpx:cad>0</gpxtpx:cad></gpxtpx:TrackPointExtension></extensions></trkpt><trkpt lat="50.007529320" lon="14"><time>2026-09-09T10:02:17.000Z</time><extensions><gpxtpx:TrackPointExtension><gpxtpx:hr>78</gpxtpx:hr><gpxtpx:cad>0</gpxtpx:cad></gpxtpx:TrackPointExtension></extensions></trkpt><trkpt lat="50.007584279" lon="14"><time>2026-09-09T10:02:18.000Z</time><extensions><gpxtpx:TrackPointExtension><gpxtpx:hr>78</gpxtpx:hr><gpxtpx:cad>0</gpxtpx:cad></gpxtpx:TrackPointExtension></extensions></trkpt><trkpt lat="50.007639237" lon="14"><time>2026-09-09T10:02:19.000Z</time><extensions><gpxtpx:TrackPointExtension><gpxtpx:hr>78</gpxtpx:hr><gpxtpx:cad>0</gpxtpx:cad></gpxtpx:TrackPointExtension></extensions></trkpt><trkpt lat="50.007694196" lon="14"><time>2026-09-09T10:02:20.000Z</time><extensions><gpxtpx:TrackPointExtension><gpxtpx:hr>78</gpxtpx:hr><gpxtpx:cad>0</gpxtpx:cad></gpxtpx:TrackPointExtension></extensions></trkpt><trkpt lat="50.007749155" lon="14"><time>2026-09-09T10:02:21.000Z</time><extensions><gpxtpx:TrackPointExtension><gpxtpx:hr>78</gpxtpx:hr><gpxtpx:cad>0</gpxtpx:cad></gpxtpx:TrackPointExtension></extensions></trkpt><trkpt lat="50.007804113" lon="14"><time>2026-09-09T10:02:22.000Z</time><extensions><gpxtpx:TrackPointExtension><gpxtpx:hr>78</gpxtpx:hr><gpxtpx:cad>0</gpxtpx:cad></gpxtpx:TrackPointExtension></extensions></trkpt><trkpt lat="50.007859072" lon="14"><time>2026-09-09T10:02:23.000Z</time><extensions><gpxtpx:TrackPointExtension><gpxtpx:hr>78</gpxtpx:hr><gpxtpx:cad>0</gpxtpx:cad></gpxtpx:TrackPointExtension></extensions></trkpt><trkpt lat="50.007914030" lon="14"><time>2026-09-09T10:02:24.000Z</time><extensions><gpxtpx:TrackPointExtension><gpxtpx:hr>78</gpxtpx:hr><gpxtpx:cad>0</gpxtpx:cad></gpxtpx:TrackPointExtension></extensions></trkpt><trkpt lat="50.007968989" lon="14"><time>2026-09-09T10:02:25.000Z</time><extensions><gpxtpx:TrackPointExtension><gpxtpx:hr>78</gpxtpx:hr><gpxtpx:cad>0</gpxtpx:cad></gpxtpx:TrackPointExtension></extensions></trkpt><trkpt lat="50.008023947" lon="14"><time>2026-09-09T10:02:26.000Z</time><extensions><gpxtpx:TrackPointExtension><gpxtpx:hr>78</gpxtpx:hr><gpxtpx:cad>0</gpxtpx:cad></gpxtpx:TrackPointExtension></extensions></trkpt><trkpt lat="50.008078906" lon="14"><time>2026-09-09T10:02:27.000Z</time><extensions><gpxtpx:TrackPointExtension><gpxtpx:hr>78</gpxtpx:hr><gpxtpx:cad>0</gpxtpx:cad></gpxtpx:TrackPointExtension></extensions></trkpt><trkpt lat="50.008133864" lon="14"><time>2026-09-09T10:02:28.000Z</time><extensions><gpxtpx:TrackPointExtension><gpxtpx:hr>78</gpxtpx:hr><gpxtpx:cad>0</gpxtpx:cad></gpxtpx:TrackPointExtension></extensions></trkpt><trkpt lat="50.008188823" lon="14"><time>2026-09-09T10:02:29.000Z</time><extensions><gpxtpx:TrackPointExtension><gpxtpx:hr>78</gpxtpx:hr><gpxtpx:cad>0</gpxtpx:cad></gpxtpx:TrackPointExtension></extensions></trkpt><trkpt lat="50.008243781" lon="14"><time>2026-09-09T10:02:30.000Z</time><extensions><gpxtpx:TrackPointExtension><gpxtpx:hr>78</gpxtpx:hr><gpxtpx:cad>0</gpxtpx:cad></gpxtpx:TrackPointExtension></extensions></trkpt><trkpt lat="50.008298740" lon="14"><time>2026-09-09T10:02:31.000Z</time><extensions><gpxtpx:TrackPointExtension><gpxtpx:hr>78</gpxtpx:hr><gpxtpx:cad>0</gpxtpx:cad></gpxtpx:TrackPointExtension></extensions></trkpt><trkpt lat="50.008353698" lon="14"><time>2026-09-09T10:02:32.000Z</time><extensions><gpxtpx:TrackPointExtension><gpxtpx:hr>78</gpxtpx:hr><gpxtpx:cad>0</gpxtpx:cad></gpxtpx:TrackPointExtension></extensions></trkpt><trkpt lat="50.008408657" lon="14"><time>2026-09-09T10:02:33.000Z</time><extensions><gpxtpx:TrackPointExtension><gpxtpx:hr>78</gpxtpx:hr><gpxtpx:cad>0</gpxtpx:cad></gpxtpx:TrackPointExtension></extensions></trkpt><trkpt lat="50.008463616" lon="14"><time>2026-09-09T10:02:34.000Z</time><extensions><gpxtpx:TrackPointExtension><gpxtpx:hr>78</gpxtpx:hr><gpxtpx:cad>0</gpxtpx:cad></gpxtpx:TrackPointExtension></extensions></trkpt><trkpt lat="50.008518574" lon="14"><time>2026-09-09T10:02:35.000Z</time><extensions><gpxtpx:TrackPointExtension><gpxtpx:hr>78</gpxtpx:hr><gpxtpx:cad>0</gpxtpx:cad></gpxtpx:TrackPointExtension></extensions></trkpt><trkpt lat="50.008573533" lon="14"><time>2026-09-09T10:02:36.000Z</time><extensions><gpxtpx:TrackPointExtension><gpxtpx:hr>78</gpxtpx:hr><gpxtpx:cad>0</gpxtpx:cad></gpxtpx:TrackPointExtension></extensions></trkpt><trkpt lat="50.008628491" lon="14"><time>2026-09-09T10:02:37.000Z</time><extensions><gpxtpx:TrackPointExtension><gpxtpx:hr>78</gpxtpx:hr><gpxtpx:cad>0</gpxtpx:cad></gpxtpx:TrackPointExtension></extensions></trkpt><trkpt lat="50.008683450" lon="14"><time>2026-09-09T10:02:38.000Z</time><extensions><gpxtpx:TrackPointExtension><gpxtpx:hr>78</gpxtpx:hr><gpxtpx:cad>0</gpxtpx:cad></gpxtpx:TrackPointExtension></extensions></trkpt><trkpt lat="50.008738408" lon="14"><time>2026-09-09T10:02:39.000Z</time><extensions><gpxtpx:TrackPointExtension><gpxtpx:hr>78</gpxtpx:hr><gpxtpx:cad>0</gpxtpx:cad></gpxtpx:TrackPointExtension></extensions></trkpt><trkpt lat="50.008793367" lon="14"><time>2026-09-09T10:02:40.000Z</time><extensions><gpxtpx:TrackPointExtension><gpxtpx:hr>78</gpxtpx:hr><gpxtpx:cad>0</gpxtpx:cad></gpxtpx:TrackPointExtension></extensions></trkpt><trkpt lat="50.008848325" lon="14"><time>2026-09-09T10:02:41.000Z</time><extensions><gpxtpx:TrackPointExtension><gpxtpx:hr>78</gpxtpx:hr><gpxtpx:cad>0</gpxtpx:cad></gpxtpx:TrackPointExtension></extensions></trkpt><trkpt lat="50.008903284" lon="14"><time>2026-09-09T10:02:42.000Z</time><extensions><gpxtpx:TrackPointExtension><gpxtpx:hr>78</gpxtpx:hr><gpxtpx:cad>0</gpxtpx:cad></gpxtpx:TrackPointExtension></extensions></trkpt><trkpt lat="50.008958242" lon="14"><time>2026-09-09T10:02:43.000Z</time><extensions><gpxtpx:TrackPointExtension><gpxtpx:hr>78</gpxtpx:hr><gpxtpx:cad>0</gpxtpx:cad></gpxtpx:TrackPointExtension></extensions></trkpt><trkpt lat="50.009013201" lon="14"><time>2026-09-09T10:02:44.000Z</time><extensions><gpxtpx:TrackPointExtension><gpxtpx:hr>78</gpxtpx:hr><gpxtpx:cad>0</gpxtpx:cad></gpxtpx:TrackPointExtension></extensions></trkpt><trkpt lat="50.009068160" lon="14"><time>2026-09-09T10:02:45.000Z</time><extensions><gpxtpx:TrackPointExtension><gpxtpx:hr>78</gpxtpx:hr><gpxtpx:cad>0</gpxtpx:cad></gpxtpx:TrackPointExtension></extensions></trkpt><trkpt lat="50.009123118" lon="14"><time>2026-09-09T10:02:46.000Z</time><extensions><gpxtpx:TrackPointExtension><gpxtpx:hr>78</gpxtpx:hr><gpxtpx:cad>0</gpxtpx:cad></gpxtpx:TrackPointExtension></extensions></trkpt><trkpt lat="50.009178077" lon="14"><time>2026-09-09T10:02:47.000Z</time><extensions><gpxtpx:TrackPointExtension><gpxtpx:hr>78</gpxtpx:hr><gpxtpx:cad>0</gpxtpx:cad></gpxtpx:TrackPointExtension></extensions></trkpt><trkpt lat="50.009233035" lon="14"><time>2026-09-09T10:02:48.000Z</time><extensions><gpxtpx:TrackPointExtension><gpxtpx:hr>78</gpxtpx:hr><gpxtpx:cad>0</gpxtpx:cad></gpxtpx:TrackPointExtension></extensions></trkpt><trkpt lat="50.009287994" lon="14"><time>2026-09-09T10:02:49.000Z</time><extensions><gpxtpx:TrackPointExtension><gpxtpx:hr>78</gpxtpx:hr><gpxtpx:cad>0</gpxtpx:cad></gpxtpx:TrackPointExtension></extensions></trkpt><trkpt lat="50.009342952" lon="14"><time>2026-09-09T10:02:50.000Z</time><extensions><gpxtpx:TrackPointExtension><gpxtpx:hr>78</gpxtpx:hr><gpxtpx:cad>0</gpxtpx:cad></gpxtpx:TrackPointExtension></extensions></trkpt><trkpt lat="50.009397911" lon="14"><time>2026-09-09T10:02:51.000Z</time><extensions><gpxtpx:TrackPointExtension><gpxtpx:hr>78</gpxtpx:hr><gpxtpx:cad>0</gpxtpx:cad></gpxtpx:TrackPointExtension></extensions></trkpt><trkpt lat="50.009452869" lon="14"><time>2026-09-09T10:02:52.000Z</time><extensions><gpxtpx:TrackPointExtension><gpxtpx:hr>78</gpxtpx:hr><gpxtpx:cad>0</gpxtpx:cad></gpxtpx:TrackPointExtension></extensions></trkpt><trkpt lat="50.009507828" lon="14"><time>2026-09-09T10:02:53.000Z</time><extensions><gpxtpx:TrackPointExtension><gpxtpx:hr>78</gpxtpx:hr><gpxtpx:cad>0</gpxtpx:cad></gpxtpx:TrackPointExtension></extensions></trkpt><trkpt lat="50.009562786" lon="14"><time>2026-09-09T10:02:54.000Z</time><extensions><gpxtpx:TrackPointExtension><gpxtpx:hr>78</gpxtpx:hr><gpxtpx:cad>0</gpxtpx:cad></gpxtpx:TrackPointExtension></extensions></trkpt><trkpt lat="50.009617745" lon="14"><time>2026-09-09T10:02:55.000Z</time><extensions><gpxtpx:TrackPointExtension><gpxtpx:hr>78</gpxtpx:hr><gpxtpx:cad>0</gpxtpx:cad></gpxtpx:TrackPointExtension></extensions></trkpt><trkpt lat="50.009672703" lon="14"><time>2026-09-09T10:02:56.000Z</time><extensions><gpxtpx:TrackPointExtension><gpxtpx:hr>78</gpxtpx:hr><gpxtpx:cad>0</gpxtpx:cad></gpxtpx:TrackPointExtension></extensions></trkpt><trkpt lat="50.009727662" lon="14"><time>2026-09-09T10:02:57.000Z</time><extensions><gpxtpx:TrackPointExtension><gpxtpx:hr>78</gpxtpx:hr><gpxtpx:cad>0</gpxtpx:cad></gpxtpx:TrackPointExtension></extensions></trkpt><trkpt lat="50.009782621" lon="14"><time>2026-09-09T10:02:58.000Z</time><extensions><gpxtpx:TrackPointExtension><gpxtpx:hr>78</gpxtpx:hr><gpxtpx:cad>0</gpxtpx:cad></gpxtpx:TrackPointExtension></extensions></trkpt><trkpt lat="50.009837579" lon="14"><time>2026-09-09T10:02:59.000Z</time><extensions><gpxtpx:TrackPointExtension><gpxtpx:hr>78</gpxtpx:hr><gpxtpx:cad>0</gpxtpx:cad></gpxtpx:TrackPointExtension></extensions></trkpt><trkpt lat="50.009892538" lon="14"><time>2026-09-09T10:03:00.000Z</time><extensions><gpxtpx:TrackPointExtension><gpxtpx:hr>78</gpxtpx:hr><gpxtpx:cad>0</gpxtpx:cad></gpxtpx:TrackPointExtension></extensions></trkpt><trkpt lat="50.009947496" lon="14"><time>2026-09-09T10:03:01.000Z</time><extensions><gpxtpx:TrackPointExtension><gpxtpx:hr>78</gpxtpx:hr><gpxtpx:cad>0</gpxtpx:cad></gpxtpx:TrackPointExtension></extensions></trkpt><trkpt lat="50.010002455" lon="14"><time>2026-09-09T10:03:02.000Z</time><extensions><gpxtpx:TrackPointExtension><gpxtpx:hr>78</gpxtpx:hr><gpxtpx:cad>0</gpxtpx:cad></gpxtpx:TrackPointExtension></extensions></trkpt><trkpt lat="50.010057413" lon="14"><time>2026-09-09T10:03:03.000Z</time><extensions><gpxtpx:TrackPointExtension><gpxtpx:hr>78</gpxtpx:hr><gpxtpx:cad>0</gpxtpx:cad></gpxtpx:TrackPointExtension></extensions></trkpt><trkpt lat="50.010112372" lon="14"><time>2026-09-09T10:03:04.000Z</time><extensions><gpxtpx:TrackPointExtension><gpxtpx:hr>78</gpxtpx:hr><gpxtpx:cad>0</gpxtpx:cad></gpxtpx:TrackPointExtension></extensions></trkpt><trkpt lat="50.010167330" lon="14"><time>2026-09-09T10:03:05.000Z</time><extensions><gpxtpx:TrackPointExtension><gpxtpx:hr>78</gpxtpx:hr><gpxtpx:cad>0</gpxtpx:cad></gpxtpx:TrackPointExtension></extensions></trkpt><trkpt lat="50.010222289" lon="14"><time>2026-09-09T10:03:06.000Z</time><extensions><gpxtpx:TrackPointExtension><gpxtpx:hr>78</gpxtpx:hr><gpxtpx:cad>0</gpxtpx:cad></gpxtpx:TrackPointExtension></extensions></trkpt><trkpt lat="50.010277247" lon="14"><time>2026-09-09T10:03:07.000Z</time><extensions><gpxtpx:TrackPointExtension><gpxtpx:hr>78</gpxtpx:hr><gpxtpx:cad>0</gpxtpx:cad></gpxtpx:TrackPointExtension></extensions></trkpt><trkpt lat="50.010332206" lon="14"><time>2026-09-09T10:03:08.000Z</time><extensions><gpxtpx:TrackPointExtension><gpxtpx:hr>78</gpxtpx:hr><gpxtpx:cad>0</gpxtpx:cad></gpxtpx:TrackPointExtension></extensions></trkpt><trkpt lat="50.010387165" lon="14"><time>2026-09-09T10:03:09.000Z</time><extensions><gpxtpx:TrackPointExtension><gpxtpx:hr>78</gpxtpx:hr><gpxtpx:cad>0</gpxtpx:cad></gpxtpx:TrackPointExtension></extensions></trkpt><trkpt lat="50.010442123" lon="14"><time>2026-09-09T10:03:10.000Z</time><extensions><gpxtpx:TrackPointExtension><gpxtpx:hr>78</gpxtpx:hr><gpxtpx:cad>0</gpxtpx:cad></gpxtpx:TrackPointExtension></extensions></trkpt><trkpt lat="50.010497082" lon="14"><time>2026-09-09T10:03:11.000Z</time><extensions><gpxtpx:TrackPointExtension><gpxtpx:hr>78</gpxtpx:hr><gpxtpx:cad>0</gpxtpx:cad></gpxtpx:TrackPointExtension></extensions></trkpt><trkpt lat="50.010552040" lon="14"><time>2026-09-09T10:03:12.000Z</time><extensions><gpxtpx:TrackPointExtension><gpxtpx:hr>78</gpxtpx:hr><gpxtpx:cad>0</gpxtpx:cad></gpxtpx:TrackPointExtension></extensions></trkpt><trkpt lat="50.010606999" lon="14"><time>2026-09-09T10:03:13.000Z</time><extensions><gpxtpx:TrackPointExtension><gpxtpx:hr>78</gpxtpx:hr><gpxtpx:cad>0</gpxtpx:cad></gpxtpx:TrackPointExtension></extensions></trkpt><trkpt lat="50.010661957" lon="14"><time>2026-09-09T10:03:14.000Z</time><extensions><gpxtpx:TrackPointExtension><gpxtpx:hr>78</gpxtpx:hr><gpxtpx:cad>0</gpxtpx:cad></gpxtpx:TrackPointExtension></extensions></trkpt><trkpt lat="50.010716916" lon="14"><time>2026-09-09T10:03:15.000Z</time><extensions><gpxtpx:TrackPointExtension><gpxtpx:hr>78</gpxtpx:hr><gpxtpx:cad>0</gpxtpx:cad></gpxtpx:TrackPointExtension></extensions></trkpt><trkpt lat="50.010771874" lon="14"><time>2026-09-09T10:03:16.000Z</time><extensions><gpxtpx:TrackPointExtension><gpxtpx:hr>78</gpxtpx:hr><gpxtpx:cad>0</gpxtpx:cad></gpxtpx:TrackPointExtension></extensions></trkpt><trkpt lat="50.010826833" lon="14"><time>2026-09-09T10:03:17.000Z</time><extensions><gpxtpx:TrackPointExtension><gpxtpx:hr>78</gpxtpx:hr><gpxtpx:cad>0</gpxtpx:cad></gpxtpx:TrackPointExtension></extensions></trkpt><trkpt lat="50.010881791" lon="14"><time>2026-09-09T10:03:18.000Z</time><extensions><gpxtpx:TrackPointExtension><gpxtpx:hr>78</gpxtpx:hr><gpxtpx:cad>0</gpxtpx:cad></gpxtpx:TrackPointExtension></extensions></trkpt><trkpt lat="50.010936750" lon="14"><time>2026-09-09T10:03:19.000Z</time><extensions><gpxtpx:TrackPointExtension><gpxtpx:hr>78</gpxtpx:hr><gpxtpx:cad>0</gpxtpx:cad></gpxtpx:TrackPointExtension></extensions></trkpt><trkpt lat="50.010991709" lon="14"><time>2026-09-09T10:03:20.000Z</time><extensions><gpxtpx:TrackPointExtension><gpxtpx:hr>78</gpxtpx:hr><gpxtpx:cad>0</gpxtpx:cad></gpxtpx:TrackPointExtension></extensions></trkpt><trkpt lat="50.011046667" lon="14"><time>2026-09-09T10:03:21.000Z</time><extensions><gpxtpx:TrackPointExtension><gpxtpx:hr>78</gpxtpx:hr><gpxtpx:cad>0</gpxtpx:cad></gpxtpx:TrackPointExtension></extensions></trkpt><trkpt lat="50.011101626" lon="14"><time>2026-09-09T10:03:22.000Z</time><extensions><gpxtpx:TrackPointExtension><gpxtpx:hr>78</gpxtpx:hr><gpxtpx:cad>0</gpxtpx:cad></gpxtpx:TrackPointExtension></extensions></trkpt><trkpt lat="50.011156584" lon="14"><time>2026-09-09T10:03:23.000Z</time><extensions><gpxtpx:TrackPointExtension><gpxtpx:hr>78</gpxtpx:hr><gpxtpx:cad>0</gpxtpx:cad></gpxtpx:TrackPointExtension></extensions></trkpt><trkpt lat="50.011211543" lon="14"><time>2026-09-09T10:03:24.000Z</time><extensions><gpxtpx:TrackPointExtension><gpxtpx:hr>78</gpxtpx:hr><gpxtpx:cad>0</gpxtpx:cad></gpxtpx:TrackPointExtension></extensions></trkpt><trkpt lat="50.011266501" lon="14"><time>2026-09-09T10:03:25.000Z</time><extensions><gpxtpx:TrackPointExtension><gpxtpx:hr>78</gpxtpx:hr><gpxtpx:cad>0</gpxtpx:cad></gpxtpx:TrackPointExtension></extensions></trkpt><trkpt lat="50.011321460" lon="14"><time>2026-09-09T10:03:26.000Z</time><extensions><gpxtpx:TrackPointExtension><gpxtpx:hr>78</gpxtpx:hr><gpxtpx:cad>0</gpxtpx:cad></gpxtpx:TrackPointExtension></extensions></trkpt><trkpt lat="50.011376418" lon="14"><time>2026-09-09T10:03:27.000Z</time><extensions><gpxtpx:TrackPointExtension><gpxtpx:hr>78</gpxtpx:hr><gpxtpx:cad>0</gpxtpx:cad></gpxtpx:TrackPointExtension></extensions></trkpt><trkpt lat="50.011431377" lon="14"><time>2026-09-09T10:03:28.000Z</time><extensions><gpxtpx:TrackPointExtension><gpxtpx:hr>78</gpxtpx:hr><gpxtpx:cad>0</gpxtpx:cad></gpxtpx:TrackPointExtension></extensions></trkpt><trkpt lat="50.011486335" lon="14"><time>2026-09-09T10:03:29.000Z</time><extensions><gpxtpx:TrackPointExtension><gpxtpx:hr>78</gpxtpx:hr><gpxtpx:cad>0</gpxtpx:cad></gpxtpx:TrackPointExtension></extensions></trkpt><trkpt lat="50.011541294" lon="14"><time>2026-09-09T10:03:30.000Z</time><extensions><gpxtpx:TrackPointExtension><gpxtpx:hr>78</gpxtpx:hr><gpxtpx:cad>0</gpxtpx:cad></gpxtpx:TrackPointExtension></extensions></trkpt><trkpt lat="50.011596252" lon="14"><time>2026-09-09T10:03:31.000Z</time><extensions><gpxtpx:TrackPointExtension><gpxtpx:hr>78</gpxtpx:hr><gpxtpx:cad>0</gpxtpx:cad></gpxtpx:TrackPointExtension></extensions></trkpt><trkpt lat="50.011651211" lon="14"><time>2026-09-09T10:03:32.000Z</time><extensions><gpxtpx:TrackPointExtension><gpxtpx:hr>78</gpxtpx:hr><gpxtpx:cad>0</gpxtpx:cad></gpxtpx:TrackPointExtension></extensions></trkpt><trkpt lat="50.011706170" lon="14"><time>2026-09-09T10:03:33.000Z</time><extensions><gpxtpx:TrackPointExtension><gpxtpx:hr>78</gpxtpx:hr><gpxtpx:cad>0</gpxtpx:cad></gpxtpx:TrackPointExtension></extensions></trkpt><trkpt lat="50.011761128" lon="14"><time>2026-09-09T10:03:34.000Z</time><extensions><gpxtpx:TrackPointExtension><gpxtpx:hr>78</gpxtpx:hr><gpxtpx:cad>0</gpxtpx:cad></gpxtpx:TrackPointExtension></extensions></trkpt><trkpt lat="50.011816087" lon="14"><time>2026-09-09T10:03:35.000Z</time><extensions><gpxtpx:TrackPointExtension><gpxtpx:hr>78</gpxtpx:hr><gpxtpx:cad>0</gpxtpx:cad></gpxtpx:TrackPointExtension></extensions></trkpt><trkpt lat="50.011871045" lon="14"><time>2026-09-09T10:03:36.000Z</time><extensions><gpxtpx:TrackPointExtension><gpxtpx:hr>78</gpxtpx:hr><gpxtpx:cad>0</gpxtpx:cad></gpxtpx:TrackPointExtension></extensions></trkpt><trkpt lat="50.011926004" lon="14"><time>2026-09-09T10:03:37.000Z</time><extensions><gpxtpx:TrackPointExtension><gpxtpx:hr>78</gpxtpx:hr><gpxtpx:cad>0</gpxtpx:cad></gpxtpx:TrackPointExtension></extensions></trkpt><trkpt lat="50.011980962" lon="14"><time>2026-09-09T10:03:38.000Z</time><extensions><gpxtpx:TrackPointExtension><gpxtpx:hr>78</gpxtpx:hr><gpxtpx:cad>0</gpxtpx:cad></gpxtpx:TrackPointExtension></extensions></trkpt><trkpt lat="50.012035921" lon="14"><time>2026-09-09T10:03:39.000Z</time><extensions><gpxtpx:TrackPointExtension><gpxtpx:hr>78</gpxtpx:hr><gpxtpx:cad>0</gpxtpx:cad></gpxtpx:TrackPointExtension></extensions></trkpt><trkpt lat="50.012090879" lon="14"><time>2026-09-09T10:03:40.000Z</time><extensions><gpxtpx:TrackPointExtension><gpxtpx:hr>78</gpxtpx:hr><gpxtpx:cad>0</gpxtpx:cad></gpxtpx:TrackPointExtension></extensions></trkpt><trkpt lat="50.012145838" lon="14"><time>2026-09-09T10:03:41.000Z</time><extensions><gpxtpx:TrackPointExtension><gpxtpx:hr>78</gpxtpx:hr><gpxtpx:cad>0</gpxtpx:cad></gpxtpx:TrackPointExtension></extensions></trkpt><trkpt lat="50.012200796" lon="14"><time>2026-09-09T10:03:42.000Z</time><extensions><gpxtpx:TrackPointExtension><gpxtpx:hr>78</gpxtpx:hr><gpxtpx:cad>0</gpxtpx:cad></gpxtpx:TrackPointExtension></extensions></trkpt><trkpt lat="50.012255755" lon="14"><time>2026-09-09T10:03:43.000Z</time><extensions><gpxtpx:TrackPointExtension><gpxtpx:hr>78</gpxtpx:hr><gpxtpx:cad>0</gpxtpx:cad></gpxtpx:TrackPointExtension></extensions></trkpt><trkpt lat="50.012310714" lon="14"><time>2026-09-09T10:03:44.000Z</time><extensions><gpxtpx:TrackPointExtension><gpxtpx:hr>78</gpxtpx:hr><gpxtpx:cad>0</gpxtpx:cad></gpxtpx:TrackPointExtension></extensions></trkpt><trkpt lat="50.012365672" lon="14"><time>2026-09-09T10:03:45.000Z</time><extensions><gpxtpx:TrackPointExtension><gpxtpx:hr>78</gpxtpx:hr><gpxtpx:cad>0</gpxtpx:cad></gpxtpx:TrackPointExtension></extensions></trkpt><trkpt lat="50.012420631" lon="14"><time>2026-09-09T10:03:46.000Z</time><extensions><gpxtpx:TrackPointExtension><gpxtpx:hr>78</gpxtpx:hr><gpxtpx:cad>0</gpxtpx:cad></gpxtpx:TrackPointExtension></extensions></trkpt><trkpt lat="50.012475589" lon="14"><time>2026-09-09T10:03:47.000Z</time><extensions><gpxtpx:TrackPointExtension><gpxtpx:hr>78</gpxtpx:hr><gpxtpx:cad>0</gpxtpx:cad></gpxtpx:TrackPointExtension></extensions></trkpt><trkpt lat="50.012530548" lon="14"><time>2026-09-09T10:03:48.000Z</time><extensions><gpxtpx:TrackPointExtension><gpxtpx:hr>78</gpxtpx:hr><gpxtpx:cad>0</gpxtpx:cad></gpxtpx:TrackPointExtension></extensions></trkpt><trkpt lat="50.012585506" lon="14"><time>2026-09-09T10:03:49.000Z</time><extensions><gpxtpx:TrackPointExtension><gpxtpx:hr>78</gpxtpx:hr><gpxtpx:cad>0</gpxtpx:cad></gpxtpx:TrackPointExtension></extensions></trkpt><trkpt lat="50.012640465" lon="14"><time>2026-09-09T10:03:50.000Z</time><extensions><gpxtpx:TrackPointExtension><gpxtpx:hr>78</gpxtpx:hr><gpxtpx:cad>0</gpxtpx:cad></gpxtpx:TrackPointExtension></extensions></trkpt><trkpt lat="50.012695423" lon="14"><time>2026-09-09T10:03:51.000Z</time><extensions><gpxtpx:TrackPointExtension><gpxtpx:hr>78</gpxtpx:hr><gpxtpx:cad>0</gpxtpx:cad></gpxtpx:TrackPointExtension></extensions></trkpt><trkpt lat="50.012750382" lon="14"><time>2026-09-09T10:03:52.000Z</time><extensions><gpxtpx:TrackPointExtension><gpxtpx:hr>78</gpxtpx:hr><gpxtpx:cad>0</gpxtpx:cad></gpxtpx:TrackPointExtension></extensions></trkpt><trkpt lat="50.012805340" lon="14"><time>2026-09-09T10:03:53.000Z</time><extensions><gpxtpx:TrackPointExtension><gpxtpx:hr>78</gpxtpx:hr><gpxtpx:cad>0</gpxtpx:cad></gpxtpx:TrackPointExtension></extensions></trkpt><trkpt lat="50.012860299" lon="14"><time>2026-09-09T10:03:54.000Z</time><extensions><gpxtpx:TrackPointExtension><gpxtpx:hr>78</gpxtpx:hr><gpxtpx:cad>0</gpxtpx:cad></gpxtpx:TrackPointExtension></extensions></trkpt><trkpt lat="50.012915258" lon="14"><time>2026-09-09T10:03:55.000Z</time><extensions><gpxtpx:TrackPointExtension><gpxtpx:hr>78</gpxtpx:hr><gpxtpx:cad>0</gpxtpx:cad></gpxtpx:TrackPointExtension></extensions></trkpt><trkpt lat="50.012970216" lon="14"><time>2026-09-09T10:03:56.000Z</time><extensions><gpxtpx:TrackPointExtension><gpxtpx:hr>78</gpxtpx:hr><gpxtpx:cad>0</gpxtpx:cad></gpxtpx:TrackPointExtension></extensions></trkpt><trkpt lat="50.013025175" lon="14"><time>2026-09-09T10:03:57.000Z</time><extensions><gpxtpx:TrackPointExtension><gpxtpx:hr>78</gpxtpx:hr><gpxtpx:cad>0</gpxtpx:cad></gpxtpx:TrackPointExtension></extensions></trkpt><trkpt lat="50.013080133" lon="14"><time>2026-09-09T10:03:58.000Z</time><extensions><gpxtpx:TrackPointExtension><gpxtpx:hr>78</gpxtpx:hr><gpxtpx:cad>0</gpxtpx:cad></gpxtpx:TrackPointExtension></extensions></trkpt><trkpt lat="50.013135092" lon="14"><time>2026-09-09T10:03:59.000Z</time><extensions><gpxtpx:TrackPointExtension><gpxtpx:hr>78</gpxtpx:hr><gpxtpx:cad>0</gpxtpx:cad></gpxtpx:TrackPointExtension></extensions></trkpt><trkpt lat="50.013190050" lon="14"><time>2026-09-09T10:04:00.000Z</time><extensions><gpxtpx:TrackPointExtension><gpxtpx:hr>78</gpxtpx:hr><gpxtpx:cad>0</gpxtpx:cad></gpxtpx:TrackPointExtension></extensions></trkpt><trkpt lat="50.013245009" lon="14"><time>2026-09-09T10:04:01.000Z</time><extensions><gpxtpx:TrackPointExtension><gpxtpx:hr>78</gpxtpx:hr><gpxtpx:cad>0</gpxtpx:cad></gpxtpx:TrackPointExtension></extensions></trkpt><trkpt lat="50.013299967" lon="14"><time>2026-09-09T10:04:02.000Z</time><extensions><gpxtpx:TrackPointExtension><gpxtpx:hr>78</gpxtpx:hr><gpxtpx:cad>0</gpxtpx:cad></gpxtpx:TrackPointExtension></extensions></trkpt><trkpt lat="50.013354926" lon="14"><time>2026-09-09T10:04:03.000Z</time><extensions><gpxtpx:TrackPointExtension><gpxtpx:hr>78</gpxtpx:hr><gpxtpx:cad>0</gpxtpx:cad></gpxtpx:TrackPointExtension></extensions></trkpt><trkpt lat="50.013409884" lon="14"><time>2026-09-09T10:04:04.000Z</time><extensions><gpxtpx:TrackPointExtension><gpxtpx:hr>78</gpxtpx:hr><gpxtpx:cad>0</gpxtpx:cad></gpxtpx:TrackPointExtension></extensions></trkpt><trkpt lat="50.013464843" lon="14"><time>2026-09-09T10:04:05.000Z</time><extensions><gpxtpx:TrackPointExtension><gpxtpx:hr>78</gpxtpx:hr><gpxtpx:cad>0</gpxtpx:cad></gpxtpx:TrackPointExtension></extensions></trkpt><trkpt lat="50.013519801" lon="14"><time>2026-09-09T10:04:06.000Z</time><extensions><gpxtpx:TrackPointExtension><gpxtpx:hr>78</gpxtpx:hr><gpxtpx:cad>0</gpxtpx:cad></gpxtpx:TrackPointExtension></extensions></trkpt><trkpt lat="50.013574760" lon="14"><time>2026-09-09T10:04:07.000Z</time><extensions><gpxtpx:TrackPointExtension><gpxtpx:hr>78</gpxtpx:hr><gpxtpx:cad>0</gpxtpx:cad></gpxtpx:TrackPointExtension></extensions></trkpt><trkpt lat="50.013629719" lon="14"><time>2026-09-09T10:04:08.000Z</time><extensions><gpxtpx:TrackPointExtension><gpxtpx:hr>78</gpxtpx:hr><gpxtpx:cad>0</gpxtpx:cad></gpxtpx:TrackPointExtension></extensions></trkpt><trkpt lat="50.013684677" lon="14"><time>2026-09-09T10:04:09.000Z</time><extensions><gpxtpx:TrackPointExtension><gpxtpx:hr>78</gpxtpx:hr><gpxtpx:cad>0</gpxtpx:cad></gpxtpx:TrackPointExtension></extensions></trkpt><trkpt lat="50.013739636" lon="14"><time>2026-09-09T10:04:10.000Z</time><extensions><gpxtpx:TrackPointExtension><gpxtpx:hr>78</gpxtpx:hr><gpxtpx:cad>0</gpxtpx:cad></gpxtpx:TrackPointExtension></extensions></trkpt><trkpt lat="50.013794594" lon="14"><time>2026-09-09T10:04:11.000Z</time><extensions><gpxtpx:TrackPointExtension><gpxtpx:hr>78</gpxtpx:hr><gpxtpx:cad>0</gpxtpx:cad></gpxtpx:TrackPointExtension></extensions></trkpt><trkpt lat="50.013849553" lon="14"><time>2026-09-09T10:04:12.000Z</time><extensions><gpxtpx:TrackPointExtension><gpxtpx:hr>78</gpxtpx:hr><gpxtpx:cad>0</gpxtpx:cad></gpxtpx:TrackPointExtension></extensions></trkpt><trkpt lat="50.013904511" lon="14"><time>2026-09-09T10:04:13.000Z</time><extensions><gpxtpx:TrackPointExtension><gpxtpx:hr>78</gpxtpx:hr><gpxtpx:cad>0</gpxtpx:cad></gpxtpx:TrackPointExtension></extensions></trkpt><trkpt lat="50.013959470" lon="14"><time>2026-09-09T10:04:14.000Z</time><extensions><gpxtpx:TrackPointExtension><gpxtpx:hr>78</gpxtpx:hr><gpxtpx:cad>0</gpxtpx:cad></gpxtpx:TrackPointExtension></extensions></trkpt><trkpt lat="50.014014428" lon="14"><time>2026-09-09T10:04:15.000Z</time><extensions><gpxtpx:TrackPointExtension><gpxtpx:hr>78</gpxtpx:hr><gpxtpx:cad>0</gpxtpx:cad></gpxtpx:TrackPointExtension></extensions></trkpt><trkpt lat="50.014069387" lon="14"><time>2026-09-09T10:04:16.000Z</time><extensions><gpxtpx:TrackPointExtension><gpxtpx:hr>78</gpxtpx:hr><gpxtpx:cad>0</gpxtpx:cad></gpxtpx:TrackPointExtension></extensions></trkpt><trkpt lat="50.014124345" lon="14"><time>2026-09-09T10:04:17.000Z</time><extensions><gpxtpx:TrackPointExtension><gpxtpx:hr>78</gpxtpx:hr><gpxtpx:cad>0</gpxtpx:cad></gpxtpx:TrackPointExtension></extensions></trkpt><trkpt lat="50.014179304" lon="14"><time>2026-09-09T10:04:18.000Z</time><extensions><gpxtpx:TrackPointExtension><gpxtpx:hr>78</gpxtpx:hr><gpxtpx:cad>0</gpxtpx:cad></gpxtpx:TrackPointExtension></extensions></trkpt><trkpt lat="50.014234263" lon="14"><time>2026-09-09T10:04:19.000Z</time><extensions><gpxtpx:TrackPointExtension><gpxtpx:hr>78</gpxtpx:hr><gpxtpx:cad>0</gpxtpx:cad></gpxtpx:TrackPointExtension></extensions></trkpt><trkpt lat="50.014289221" lon="14"><time>2026-09-09T10:04:20.000Z</time><extensions><gpxtpx:TrackPointExtension><gpxtpx:hr>78</gpxtpx:hr><gpxtpx:cad>0</gpxtpx:cad></gpxtpx:TrackPointExtension></extensions></trkpt><trkpt lat="50.014344180" lon="14"><time>2026-09-09T10:04:21.000Z</time><extensions><gpxtpx:TrackPointExtension><gpxtpx:hr>78</gpxtpx:hr><gpxtpx:cad>0</gpxtpx:cad></gpxtpx:TrackPointExtension></extensions></trkpt><trkpt lat="50.014399138" lon="14"><time>2026-09-09T10:04:22.000Z</time><extensions><gpxtpx:TrackPointExtension><gpxtpx:hr>78</gpxtpx:hr><gpxtpx:cad>0</gpxtpx:cad></gpxtpx:TrackPointExtension></extensions></trkpt><trkpt lat="50.014454097" lon="14"><time>2026-09-09T10:04:23.000Z</time><extensions><gpxtpx:TrackPointExtension><gpxtpx:hr>78</gpxtpx:hr><gpxtpx:cad>0</gpxtpx:cad></gpxtpx:TrackPointExtension></extensions></trkpt><trkpt lat="50.014509055" lon="14"><time>2026-09-09T10:04:24.000Z</time><extensions><gpxtpx:TrackPointExtension><gpxtpx:hr>78</gpxtpx:hr><gpxtpx:cad>0</gpxtpx:cad></gpxtpx:TrackPointExtension></extensions></trkpt><trkpt lat="50.014564014" lon="14"><time>2026-09-09T10:04:25.000Z</time><extensions><gpxtpx:TrackPointExtension><gpxtpx:hr>78</gpxtpx:hr><gpxtpx:cad>0</gpxtpx:cad></gpxtpx:TrackPointExtension></extensions></trkpt><trkpt lat="50.014618972" lon="14"><time>2026-09-09T10:04:26.000Z</time><extensions><gpxtpx:TrackPointExtension><gpxtpx:hr>78</gpxtpx:hr><gpxtpx:cad>0</gpxtpx:cad></gpxtpx:TrackPointExtension></extensions></trkpt><trkpt lat="50.014673931" lon="14"><time>2026-09-09T10:04:27.000Z</time><extensions><gpxtpx:TrackPointExtension><gpxtpx:hr>78</gpxtpx:hr><gpxtpx:cad>0</gpxtpx:cad></gpxtpx:TrackPointExtension></extensions></trkpt><trkpt lat="50.014728889" lon="14"><time>2026-09-09T10:04:28.000Z</time><extensions><gpxtpx:TrackPointExtension><gpxtpx:hr>78</gpxtpx:hr><gpxtpx:cad>0</gpxtpx:cad></gpxtpx:TrackPointExtension></extensions></trkpt><trkpt lat="50.014783848" lon="14"><time>2026-09-09T10:04:29.000Z</time><extensions><gpxtpx:TrackPointExtension><gpxtpx:hr>78</gpxtpx:hr><gpxtpx:cad>0</gpxtpx:cad></gpxtpx:TrackPointExtension></extensions></trkpt><trkpt lat="50.014838806" lon="14"><time>2026-09-09T10:04:30.000Z</time><extensions><gpxtpx:TrackPointExtension><gpxtpx:hr>78</gpxtpx:hr><gpxtpx:cad>0</gpxtpx:cad></gpxtpx:TrackPointExtension></extensions></trkpt><trkpt lat="50.014893765" lon="14"><time>2026-09-09T10:04:31.000Z</time><extensions><gpxtpx:TrackPointExtension><gpxtpx:hr>78</gpxtpx:hr><gpxtpx:cad>0</gpxtpx:cad></gpxtpx:TrackPointExtension></extensions></trkpt><trkpt lat="50.014948724" lon="14"><time>2026-09-09T10:04:32.000Z</time><extensions><gpxtpx:TrackPointExtension><gpxtpx:hr>78</gpxtpx:hr><gpxtpx:cad>0</gpxtpx:cad></gpxtpx:TrackPointExtension></extensions></trkpt><trkpt lat="50.015003682" lon="14"><time>2026-09-09T10:04:33.000Z</time><extensions><gpxtpx:TrackPointExtension><gpxtpx:hr>78</gpxtpx:hr><gpxtpx:cad>0</gpxtpx:cad></gpxtpx:TrackPointExtension></extensions></trkpt><trkpt lat="50.015058641" lon="14"><time>2026-09-09T10:04:34.000Z</time><extensions><gpxtpx:TrackPointExtension><gpxtpx:hr>78</gpxtpx:hr><gpxtpx:cad>0</gpxtpx:cad></gpxtpx:TrackPointExtension></extensions></trkpt><trkpt lat="50.015113599" lon="14"><time>2026-09-09T10:04:35.000Z</time><extensions><gpxtpx:TrackPointExtension><gpxtpx:hr>78</gpxtpx:hr><gpxtpx:cad>0</gpxtpx:cad></gpxtpx:TrackPointExtension></extensions></trkpt><trkpt lat="50.015168558" lon="14"><time>2026-09-09T10:04:36.000Z</time><extensions><gpxtpx:TrackPointExtension><gpxtpx:hr>78</gpxtpx:hr><gpxtpx:cad>0</gpxtpx:cad></gpxtpx:TrackPointExtension></extensions></trkpt><trkpt lat="50.015223516" lon="14"><time>2026-09-09T10:04:37.000Z</time><extensions><gpxtpx:TrackPointExtension><gpxtpx:hr>78</gpxtpx:hr><gpxtpx:cad>0</gpxtpx:cad></gpxtpx:TrackPointExtension></extensions></trkpt><trkpt lat="50.015278475" lon="14"><time>2026-09-09T10:04:38.000Z</time><extensions><gpxtpx:TrackPointExtension><gpxtpx:hr>78</gpxtpx:hr><gpxtpx:cad>0</gpxtpx:cad></gpxtpx:TrackPointExtension></extensions></trkpt><trkpt lat="50.015333433" lon="14"><time>2026-09-09T10:04:39.000Z</time><extensions><gpxtpx:TrackPointExtension><gpxtpx:hr>78</gpxtpx:hr><gpxtpx:cad>0</gpxtpx:cad></gpxtpx:TrackPointExtension></extensions></trkpt><trkpt lat="50.015388392" lon="14"><time>2026-09-09T10:04:40.000Z</time><extensions><gpxtpx:TrackPointExtension><gpxtpx:hr>78</gpxtpx:hr><gpxtpx:cad>0</gpxtpx:cad></gpxtpx:TrackPointExtension></extensions></trkpt><trkpt lat="50.015443350" lon="14"><time>2026-09-09T10:04:41.000Z</time><extensions><gpxtpx:TrackPointExtension><gpxtpx:hr>78</gpxtpx:hr><gpxtpx:cad>0</gpxtpx:cad></gpxtpx:TrackPointExtension></extensions></trkpt><trkpt lat="50.015498309" lon="14"><time>2026-09-09T10:04:42.000Z</time><extensions><gpxtpx:TrackPointExtension><gpxtpx:hr>78</gpxtpx:hr><gpxtpx:cad>0</gpxtpx:cad></gpxtpx:TrackPointExtension></extensions></trkpt><trkpt lat="50.015553268" lon="14"><time>2026-09-09T10:04:43.000Z</time><extensions><gpxtpx:TrackPointExtension><gpxtpx:hr>78</gpxtpx:hr><gpxtpx:cad>0</gpxtpx:cad></gpxtpx:TrackPointExtension></extensions></trkpt><trkpt lat="50.015608226" lon="14"><time>2026-09-09T10:04:44.000Z</time><extensions><gpxtpx:TrackPointExtension><gpxtpx:hr>78</gpxtpx:hr><gpxtpx:cad>0</gpxtpx:cad></gpxtpx:TrackPointExtension></extensions></trkpt><trkpt lat="50.015663185" lon="14"><time>2026-09-09T10:04:45.000Z</time><extensions><gpxtpx:TrackPointExtension><gpxtpx:hr>78</gpxtpx:hr><gpxtpx:cad>0</gpxtpx:cad></gpxtpx:TrackPointExtension></extensions></trkpt><trkpt lat="50.015718143" lon="14"><time>2026-09-09T10:04:46.000Z</time><extensions><gpxtpx:TrackPointExtension><gpxtpx:hr>78</gpxtpx:hr><gpxtpx:cad>0</gpxtpx:cad></gpxtpx:TrackPointExtension></extensions></trkpt><trkpt lat="50.015773102" lon="14"><time>2026-09-09T10:04:47.000Z</time><extensions><gpxtpx:TrackPointExtension><gpxtpx:hr>78</gpxtpx:hr><gpxtpx:cad>0</gpxtpx:cad></gpxtpx:TrackPointExtension></extensions></trkpt><trkpt lat="50.015828060" lon="14"><time>2026-09-09T10:04:48.000Z</time><extensions><gpxtpx:TrackPointExtension><gpxtpx:hr>78</gpxtpx:hr><gpxtpx:cad>0</gpxtpx:cad></gpxtpx:TrackPointExtension></extensions></trkpt><trkpt lat="50.015883019" lon="14"><time>2026-09-09T10:04:49.000Z</time><extensions><gpxtpx:TrackPointExtension><gpxtpx:hr>78</gpxtpx:hr><gpxtpx:cad>0</gpxtpx:cad></gpxtpx:TrackPointExtension></extensions></trkpt><trkpt lat="50.015937977" lon="14"><time>2026-09-09T10:04:50.000Z</time><extensions><gpxtpx:TrackPointExtension><gpxtpx:hr>78</gpxtpx:hr><gpxtpx:cad>0</gpxtpx:cad></gpxtpx:TrackPointExtension></extensions></trkpt><trkpt lat="50.015992936" lon="14"><time>2026-09-09T10:04:51.000Z</time><extensions><gpxtpx:TrackPointExtension><gpxtpx:hr>78</gpxtpx:hr><gpxtpx:cad>0</gpxtpx:cad></gpxtpx:TrackPointExtension></extensions></trkpt><trkpt lat="50.016047894" lon="14"><time>2026-09-09T10:04:52.000Z</time><extensions><gpxtpx:TrackPointExtension><gpxtpx:hr>78</gpxtpx:hr><gpxtpx:cad>0</gpxtpx:cad></gpxtpx:TrackPointExtension></extensions></trkpt><trkpt lat="50.016102853" lon="14"><time>2026-09-09T10:04:53.000Z</time><extensions><gpxtpx:TrackPointExtension><gpxtpx:hr>78</gpxtpx:hr><gpxtpx:cad>0</gpxtpx:cad></gpxtpx:TrackPointExtension></extensions></trkpt><trkpt lat="50.016157812" lon="14"><time>2026-09-09T10:04:54.000Z</time><extensions><gpxtpx:TrackPointExtension><gpxtpx:hr>78</gpxtpx:hr><gpxtpx:cad>0</gpxtpx:cad></gpxtpx:TrackPointExtension></extensions></trkpt><trkpt lat="50.016212770" lon="14"><time>2026-09-09T10:04:55.000Z</time><extensions><gpxtpx:TrackPointExtension><gpxtpx:hr>78</gpxtpx:hr><gpxtpx:cad>0</gpxtpx:cad></gpxtpx:TrackPointExtension></extensions></trkpt><trkpt lat="50.016267729" lon="14"><time>2026-09-09T10:04:56.000Z</time><extensions><gpxtpx:TrackPointExtension><gpxtpx:hr>78</gpxtpx:hr><gpxtpx:cad>0</gpxtpx:cad></gpxtpx:TrackPointExtension></extensions></trkpt><trkpt lat="50.016322687" lon="14"><time>2026-09-09T10:04:57.000Z</time><extensions><gpxtpx:TrackPointExtension><gpxtpx:hr>78</gpxtpx:hr><gpxtpx:cad>0</gpxtpx:cad></gpxtpx:TrackPointExtension></extensions></trkpt><trkpt lat="50.016377646" lon="14"><time>2026-09-09T10:04:58.000Z</time><extensions><gpxtpx:TrackPointExtension><gpxtpx:hr>78</gpxtpx:hr><gpxtpx:cad>0</gpxtpx:cad></gpxtpx:TrackPointExtension></extensions></trkpt><trkpt lat="50.016432604" lon="14"><time>2026-09-09T10:04:59.000Z</time><extensions><gpxtpx:TrackPointExtension><gpxtpx:hr>78</gpxtpx:hr><gpxtpx:cad>0</gpxtpx:cad></gpxtpx:TrackPointExtension></extensions></trkpt><trkpt lat="50.016487563" lon="14"><time>2026-09-09T10:05:00.000Z</time><extensions><gpxtpx:TrackPointExtension><gpxtpx:hr>78</gpxtpx:hr><gpxtpx:cad>0</gpxtpx:cad></gpxtpx:TrackPointExtension></extensions></trkpt><trkpt lat="50.016542521" lon="14"><time>2026-09-09T10:05:01.000Z</time><extensions><gpxtpx:TrackPointExtension><gpxtpx:hr>78</gpxtpx:hr><gpxtpx:cad>0</gpxtpx:cad></gpxtpx:TrackPointExtension></extensions></trkpt><trkpt lat="50.016597480" lon="14"><time>2026-09-09T10:05:02.000Z</time><extensions><gpxtpx:TrackPointExtension><gpxtpx:hr>78</gpxtpx:hr><gpxtpx:cad>0</gpxtpx:cad></gpxtpx:TrackPointExtension></extensions></trkpt><trkpt lat="50.016652438" lon="14"><time>2026-09-09T10:05:03.000Z</time><extensions><gpxtpx:TrackPointExtension><gpxtpx:hr>78</gpxtpx:hr><gpxtpx:cad>0</gpxtpx:cad></gpxtpx:TrackPointExtension></extensions></trkpt><trkpt lat="50.016707397" lon="14"><time>2026-09-09T10:05:04.000Z</time><extensions><gpxtpx:TrackPointExtension><gpxtpx:hr>78</gpxtpx:hr><gpxtpx:cad>0</gpxtpx:cad></gpxtpx:TrackPointExtension></extensions></trkpt><trkpt lat="50.016762355" lon="14"><time>2026-09-09T10:05:05.000Z</time><extensions><gpxtpx:TrackPointExtension><gpxtpx:hr>78</gpxtpx:hr><gpxtpx:cad>0</gpxtpx:cad></gpxtpx:TrackPointExtension></extensions></trkpt><trkpt lat="50.016817314" lon="14"><time>2026-09-09T10:05:06.000Z</time><extensions><gpxtpx:TrackPointExtension><gpxtpx:hr>78</gpxtpx:hr><gpxtpx:cad>0</gpxtpx:cad></gpxtpx:TrackPointExtension></extensions></trkpt><trkpt lat="50.016872273" lon="14"><time>2026-09-09T10:05:07.000Z</time><extensions><gpxtpx:TrackPointExtension><gpxtpx:hr>78</gpxtpx:hr><gpxtpx:cad>0</gpxtpx:cad></gpxtpx:TrackPointExtension></extensions></trkpt><trkpt lat="50.016927231" lon="14"><time>2026-09-09T10:05:08.000Z</time><extensions><gpxtpx:TrackPointExtension><gpxtpx:hr>78</gpxtpx:hr><gpxtpx:cad>0</gpxtpx:cad></gpxtpx:TrackPointExtension></extensions></trkpt><trkpt lat="50.016982190" lon="14"><time>2026-09-09T10:05:09.000Z</time><extensions><gpxtpx:TrackPointExtension><gpxtpx:hr>78</gpxtpx:hr><gpxtpx:cad>0</gpxtpx:cad></gpxtpx:TrackPointExtension></extensions></trkpt><trkpt lat="50.017037148" lon="14"><time>2026-09-09T10:05:10.000Z</time><extensions><gpxtpx:TrackPointExtension><gpxtpx:hr>78</gpxtpx:hr><gpxtpx:cad>0</gpxtpx:cad></gpxtpx:TrackPointExtension></extensions></trkpt><trkpt lat="50.017092107" lon="14"><time>2026-09-09T10:05:11.000Z</time><extensions><gpxtpx:TrackPointExtension><gpxtpx:hr>78</gpxtpx:hr><gpxtpx:cad>0</gpxtpx:cad></gpxtpx:TrackPointExtension></extensions></trkpt><trkpt lat="50.017147065" lon="14"><time>2026-09-09T10:05:12.000Z</time><extensions><gpxtpx:TrackPointExtension><gpxtpx:hr>78</gpxtpx:hr><gpxtpx:cad>0</gpxtpx:cad></gpxtpx:TrackPointExtension></extensions></trkpt><trkpt lat="50.017202024" lon="14"><time>2026-09-09T10:05:13.000Z</time><extensions><gpxtpx:TrackPointExtension><gpxtpx:hr>78</gpxtpx:hr><gpxtpx:cad>0</gpxtpx:cad></gpxtpx:TrackPointExtension></extensions></trkpt><trkpt lat="50.017256982" lon="14"><time>2026-09-09T10:05:14.000Z</time><extensions><gpxtpx:TrackPointExtension><gpxtpx:hr>78</gpxtpx:hr><gpxtpx:cad>0</gpxtpx:cad></gpxtpx:TrackPointExtension></extensions></trkpt><trkpt lat="50.017311941" lon="14"><time>2026-09-09T10:05:15.000Z</time><extensions><gpxtpx:TrackPointExtension><gpxtpx:hr>78</gpxtpx:hr><gpxtpx:cad>0</gpxtpx:cad></gpxtpx:TrackPointExtension></extensions></trkpt><trkpt lat="50.017366899" lon="14"><time>2026-09-09T10:05:16.000Z</time><extensions><gpxtpx:TrackPointExtension><gpxtpx:hr>78</gpxtpx:hr><gpxtpx:cad>0</gpxtpx:cad></gpxtpx:TrackPointExtension></extensions></trkpt><trkpt lat="50.017421858" lon="14"><time>2026-09-09T10:05:17.000Z</time><extensions><gpxtpx:TrackPointExtension><gpxtpx:hr>78</gpxtpx:hr><gpxtpx:cad>0</gpxtpx:cad></gpxtpx:TrackPointExtension></extensions></trkpt><trkpt lat="50.017476817" lon="14"><time>2026-09-09T10:05:18.000Z</time><extensions><gpxtpx:TrackPointExtension><gpxtpx:hr>78</gpxtpx:hr><gpxtpx:cad>0</gpxtpx:cad></gpxtpx:TrackPointExtension></extensions></trkpt><trkpt lat="50.017531775" lon="14"><time>2026-09-09T10:05:19.000Z</time><extensions><gpxtpx:TrackPointExtension><gpxtpx:hr>78</gpxtpx:hr><gpxtpx:cad>0</gpxtpx:cad></gpxtpx:TrackPointExtension></extensions></trkpt><trkpt lat="50.017586734" lon="14"><time>2026-09-09T10:05:20.000Z</time><extensions><gpxtpx:TrackPointExtension><gpxtpx:hr>78</gpxtpx:hr><gpxtpx:cad>0</gpxtpx:cad></gpxtpx:TrackPointExtension></extensions></trkpt><trkpt lat="50.017641692" lon="14"><time>2026-09-09T10:05:21.000Z</time><extensions><gpxtpx:TrackPointExtension><gpxtpx:hr>78</gpxtpx:hr><gpxtpx:cad>0</gpxtpx:cad></gpxtpx:TrackPointExtension></extensions></trkpt><trkpt lat="50.017696651" lon="14"><time>2026-09-09T10:05:22.000Z</time><extensions><gpxtpx:TrackPointExtension><gpxtpx:hr>78</gpxtpx:hr><gpxtpx:cad>0</gpxtpx:cad></gpxtpx:TrackPointExtension></extensions></trkpt><trkpt lat="50.017751609" lon="14"><time>2026-09-09T10:05:23.000Z</time><extensions><gpxtpx:TrackPointExtension><gpxtpx:hr>78</gpxtpx:hr><gpxtpx:cad>0</gpxtpx:cad></gpxtpx:TrackPointExtension></extensions></trkpt><trkpt lat="50.017806568" lon="14"><time>2026-09-09T10:05:24.000Z</time><extensions><gpxtpx:TrackPointExtension><gpxtpx:hr>78</gpxtpx:hr><gpxtpx:cad>0</gpxtpx:cad></gpxtpx:TrackPointExtension></extensions></trkpt><trkpt lat="50.017861526" lon="14"><time>2026-09-09T10:05:25.000Z</time><extensions><gpxtpx:TrackPointExtension><gpxtpx:hr>78</gpxtpx:hr><gpxtpx:cad>0</gpxtpx:cad></gpxtpx:TrackPointExtension></extensions></trkpt><trkpt lat="50.017916485" lon="14"><time>2026-09-09T10:05:26.000Z</time><extensions><gpxtpx:TrackPointExtension><gpxtpx:hr>78</gpxtpx:hr><gpxtpx:cad>0</gpxtpx:cad></gpxtpx:TrackPointExtension></extensions></trkpt><trkpt lat="50.017971443" lon="14"><time>2026-09-09T10:05:27.000Z</time><extensions><gpxtpx:TrackPointExtension><gpxtpx:hr>78</gpxtpx:hr><gpxtpx:cad>0</gpxtpx:cad></gpxtpx:TrackPointExtension></extensions></trkpt><trkpt lat="50.018026402" lon="14"><time>2026-09-09T10:05:28.000Z</time><extensions><gpxtpx:TrackPointExtension><gpxtpx:hr>78</gpxtpx:hr><gpxtpx:cad>0</gpxtpx:cad></gpxtpx:TrackPointExtension></extensions></trkpt><trkpt lat="50.018081361" lon="14"><time>2026-09-09T10:05:29.000Z</time><extensions><gpxtpx:TrackPointExtension><gpxtpx:hr>78</gpxtpx:hr><gpxtpx:cad>0</gpxtpx:cad></gpxtpx:TrackPointExtension></extensions></trkpt><trkpt lat="50.018136319" lon="14"><time>2026-09-09T10:05:30.000Z</time><extensions><gpxtpx:TrackPointExtension><gpxtpx:hr>78</gpxtpx:hr><gpxtpx:cad>0</gpxtpx:cad></gpxtpx:TrackPointExtension></extensions></trkpt><trkpt lat="50.018191278" lon="14"><time>2026-09-09T10:05:31.000Z</time><extensions><gpxtpx:TrackPointExtension><gpxtpx:hr>78</gpxtpx:hr><gpxtpx:cad>0</gpxtpx:cad></gpxtpx:TrackPointExtension></extensions></trkpt><trkpt lat="50.018246236" lon="14"><time>2026-09-09T10:05:32.000Z</time><extensions><gpxtpx:TrackPointExtension><gpxtpx:hr>78</gpxtpx:hr><gpxtpx:cad>0</gpxtpx:cad></gpxtpx:TrackPointExtension></extensions></trkpt><trkpt lat="50.018301195" lon="14"><time>2026-09-09T10:05:33.000Z</time><extensions><gpxtpx:TrackPointExtension><gpxtpx:hr>78</gpxtpx:hr><gpxtpx:cad>0</gpxtpx:cad></gpxtpx:TrackPointExtension></extensions></trkpt><trkpt lat="50.018356153" lon="14"><time>2026-09-09T10:05:34.000Z</time><extensions><gpxtpx:TrackPointExtension><gpxtpx:hr>78</gpxtpx:hr><gpxtpx:cad>0</gpxtpx:cad></gpxtpx:TrackPointExtension></extensions></trkpt><trkpt lat="50.018411112" lon="14"><time>2026-09-09T10:05:35.000Z</time><extensions><gpxtpx:TrackPointExtension><gpxtpx:hr>78</gpxtpx:hr><gpxtpx:cad>0</gpxtpx:cad></gpxtpx:TrackPointExtension></extensions></trkpt><trkpt lat="50.018466070" lon="14"><time>2026-09-09T10:05:36.000Z</time><extensions><gpxtpx:TrackPointExtension><gpxtpx:hr>78</gpxtpx:hr><gpxtpx:cad>0</gpxtpx:cad></gpxtpx:TrackPointExtension></extensions></trkpt><trkpt lat="50.018521029" lon="14"><time>2026-09-09T10:05:37.000Z</time><extensions><gpxtpx:TrackPointExtension><gpxtpx:hr>78</gpxtpx:hr><gpxtpx:cad>0</gpxtpx:cad></gpxtpx:TrackPointExtension></extensions></trkpt><trkpt lat="50.018575987" lon="14"><time>2026-09-09T10:05:38.000Z</time><extensions><gpxtpx:TrackPointExtension><gpxtpx:hr>78</gpxtpx:hr><gpxtpx:cad>0</gpxtpx:cad></gpxtpx:TrackPointExtension></extensions></trkpt><trkpt lat="50.018630946" lon="14"><time>2026-09-09T10:05:39.000Z</time><extensions><gpxtpx:TrackPointExtension><gpxtpx:hr>78</gpxtpx:hr><gpxtpx:cad>0</gpxtpx:cad></gpxtpx:TrackPointExtension></extensions></trkpt><trkpt lat="50.018685904" lon="14"><time>2026-09-09T10:05:40.000Z</time><extensions><gpxtpx:TrackPointExtension><gpxtpx:hr>78</gpxtpx:hr><gpxtpx:cad>0</gpxtpx:cad></gpxtpx:TrackPointExtension></extensions></trkpt><trkpt lat="50.018740863" lon="14"><time>2026-09-09T10:05:41.000Z</time><extensions><gpxtpx:TrackPointExtension><gpxtpx:hr>78</gpxtpx:hr><gpxtpx:cad>0</gpxtpx:cad></gpxtpx:TrackPointExtension></extensions></trkpt><trkpt lat="50.018795822" lon="14"><time>2026-09-09T10:05:42.000Z</time><extensions><gpxtpx:TrackPointExtension><gpxtpx:hr>78</gpxtpx:hr><gpxtpx:cad>0</gpxtpx:cad></gpxtpx:TrackPointExtension></extensions></trkpt><trkpt lat="50.018850780" lon="14"><time>2026-09-09T10:05:43.000Z</time><extensions><gpxtpx:TrackPointExtension><gpxtpx:hr>78</gpxtpx:hr><gpxtpx:cad>0</gpxtpx:cad></gpxtpx:TrackPointExtension></extensions></trkpt><trkpt lat="50.018905739" lon="14"><time>2026-09-09T10:05:44.000Z</time><extensions><gpxtpx:TrackPointExtension><gpxtpx:hr>78</gpxtpx:hr><gpxtpx:cad>0</gpxtpx:cad></gpxtpx:TrackPointExtension></extensions></trkpt><trkpt lat="50.018960697" lon="14"><time>2026-09-09T10:05:45.000Z</time><extensions><gpxtpx:TrackPointExtension><gpxtpx:hr>78</gpxtpx:hr><gpxtpx:cad>0</gpxtpx:cad></gpxtpx:TrackPointExtension></extensions></trkpt><trkpt lat="50.019015656" lon="14"><time>2026-09-09T10:05:46.000Z</time><extensions><gpxtpx:TrackPointExtension><gpxtpx:hr>78</gpxtpx:hr><gpxtpx:cad>0</gpxtpx:cad></gpxtpx:TrackPointExtension></extensions></trkpt><trkpt lat="50.019070614" lon="14"><time>2026-09-09T10:05:47.000Z</time><extensions><gpxtpx:TrackPointExtension><gpxtpx:hr>78</gpxtpx:hr><gpxtpx:cad>0</gpxtpx:cad></gpxtpx:TrackPointExtension></extensions></trkpt><trkpt lat="50.019125573" lon="14"><time>2026-09-09T10:05:48.000Z</time><extensions><gpxtpx:TrackPointExtension><gpxtpx:hr>78</gpxtpx:hr><gpxtpx:cad>0</gpxtpx:cad></gpxtpx:TrackPointExtension></extensions></trkpt><trkpt lat="50.019180531" lon="14"><time>2026-09-09T10:05:49.000Z</time><extensions><gpxtpx:TrackPointExtension><gpxtpx:hr>78</gpxtpx:hr><gpxtpx:cad>0</gpxtpx:cad></gpxtpx:TrackPointExtension></extensions></trkpt><trkpt lat="50.019235490" lon="14"><time>2026-09-09T10:05:50.000Z</time><extensions><gpxtpx:TrackPointExtension><gpxtpx:hr>78</gpxtpx:hr><gpxtpx:cad>0</gpxtpx:cad></gpxtpx:TrackPointExtension></extensions></trkpt><trkpt lat="50.019290448" lon="14"><time>2026-09-09T10:05:51.000Z</time><extensions><gpxtpx:TrackPointExtension><gpxtpx:hr>78</gpxtpx:hr><gpxtpx:cad>0</gpxtpx:cad></gpxtpx:TrackPointExtension></extensions></trkpt><trkpt lat="50.019345407" lon="14"><time>2026-09-09T10:05:52.000Z</time><extensions><gpxtpx:TrackPointExtension><gpxtpx:hr>78</gpxtpx:hr><gpxtpx:cad>0</gpxtpx:cad></gpxtpx:TrackPointExtension></extensions></trkpt><trkpt lat="50.019400366" lon="14"><time>2026-09-09T10:05:53.000Z</time><extensions><gpxtpx:TrackPointExtension><gpxtpx:hr>78</gpxtpx:hr><gpxtpx:cad>0</gpxtpx:cad></gpxtpx:TrackPointExtension></extensions></trkpt><trkpt lat="50.019455324" lon="14"><time>2026-09-09T10:05:54.000Z</time><extensions><gpxtpx:TrackPointExtension><gpxtpx:hr>78</gpxtpx:hr><gpxtpx:cad>0</gpxtpx:cad></gpxtpx:TrackPointExtension></extensions></trkpt><trkpt lat="50.019510283" lon="14"><time>2026-09-09T10:05:55.000Z</time><extensions><gpxtpx:TrackPointExtension><gpxtpx:hr>78</gpxtpx:hr><gpxtpx:cad>0</gpxtpx:cad></gpxtpx:TrackPointExtension></extensions></trkpt><trkpt lat="50.019565241" lon="14"><time>2026-09-09T10:05:56.000Z</time><extensions><gpxtpx:TrackPointExtension><gpxtpx:hr>78</gpxtpx:hr><gpxtpx:cad>0</gpxtpx:cad></gpxtpx:TrackPointExtension></extensions></trkpt><trkpt lat="50.019620200" lon="14"><time>2026-09-09T10:05:57.000Z</time><extensions><gpxtpx:TrackPointExtension><gpxtpx:hr>78</gpxtpx:hr><gpxtpx:cad>0</gpxtpx:cad></gpxtpx:TrackPointExtension></extensions></trkpt><trkpt lat="50.019675158" lon="14"><time>2026-09-09T10:05:58.000Z</time><extensions><gpxtpx:TrackPointExtension><gpxtpx:hr>78</gpxtpx:hr><gpxtpx:cad>0</gpxtpx:cad></gpxtpx:TrackPointExtension></extensions></trkpt><trkpt lat="50.019730117" lon="14"><time>2026-09-09T10:05:59.000Z</time><extensions><gpxtpx:TrackPointExtension><gpxtpx:hr>78</gpxtpx:hr><gpxtpx:cad>0</gpxtpx:cad></gpxtpx:TrackPointExtension></extensions></trkpt><trkpt lat="50.019785075" lon="14"><time>2026-09-09T10:06:00.000Z</time><extensions><gpxtpx:TrackPointExtension><gpxtpx:hr>78</gpxtpx:hr><gpxtpx:cad>0</gpxtpx:cad></gpxtpx:TrackPointExtension></extensions></trkpt><trkpt lat="50.019840034" lon="14"><time>2026-09-09T10:06:01.000Z</time><extensions><gpxtpx:TrackPointExtension><gpxtpx:hr>78</gpxtpx:hr><gpxtpx:cad>0</gpxtpx:cad></gpxtpx:TrackPointExtension></extensions></trkpt><trkpt lat="50.019894992" lon="14"><time>2026-09-09T10:06:02.000Z</time><extensions><gpxtpx:TrackPointExtension><gpxtpx:hr>78</gpxtpx:hr><gpxtpx:cad>0</gpxtpx:cad></gpxtpx:TrackPointExtension></extensions></trkpt><trkpt lat="50.019949951" lon="14"><time>2026-09-09T10:06:03.000Z</time><extensions><gpxtpx:TrackPointExtension><gpxtpx:hr>78</gpxtpx:hr><gpxtpx:cad>0</gpxtpx:cad></gpxtpx:TrackPointExtension></extensions></trkpt><trkpt lat="50.020004910" lon="14"><time>2026-09-09T10:06:04.000Z</time><extensions><gpxtpx:TrackPointExtension><gpxtpx:hr>78</gpxtpx:hr><gpxtpx:cad>0</gpxtpx:cad></gpxtpx:TrackPointExtension></extensions></trkpt><trkpt lat="50.020059868" lon="14"><time>2026-09-09T10:06:05.000Z</time><extensions><gpxtpx:TrackPointExtension><gpxtpx:hr>78</gpxtpx:hr><gpxtpx:cad>0</gpxtpx:cad></gpxtpx:TrackPointExtension></extensions></trkpt><trkpt lat="50.020114827" lon="14"><time>2026-09-09T10:06:06.000Z</time><extensions><gpxtpx:TrackPointExtension><gpxtpx:hr>78</gpxtpx:hr><gpxtpx:cad>0</gpxtpx:cad></gpxtpx:TrackPointExtension></extensions></trkpt><trkpt lat="50.020169785" lon="14"><time>2026-09-09T10:06:07.000Z</time><extensions><gpxtpx:TrackPointExtension><gpxtpx:hr>78</gpxtpx:hr><gpxtpx:cad>0</gpxtpx:cad></gpxtpx:TrackPointExtension></extensions></trkpt><trkpt lat="50.020224744" lon="14"><time>2026-09-09T10:06:08.000Z</time><extensions><gpxtpx:TrackPointExtension><gpxtpx:hr>78</gpxtpx:hr><gpxtpx:cad>0</gpxtpx:cad></gpxtpx:TrackPointExtension></extensions></trkpt><trkpt lat="50.020279702" lon="14"><time>2026-09-09T10:06:09.000Z</time><extensions><gpxtpx:TrackPointExtension><gpxtpx:hr>78</gpxtpx:hr><gpxtpx:cad>0</gpxtpx:cad></gpxtpx:TrackPointExtension></extensions></trkpt><trkpt lat="50.020334661" lon="14"><time>2026-09-09T10:06:10.000Z</time><extensions><gpxtpx:TrackPointExtension><gpxtpx:hr>78</gpxtpx:hr><gpxtpx:cad>0</gpxtpx:cad></gpxtpx:TrackPointExtension></extensions></trkpt><trkpt lat="50.020389619" lon="14"><time>2026-09-09T10:06:11.000Z</time><extensions><gpxtpx:TrackPointExtension><gpxtpx:hr>78</gpxtpx:hr><gpxtpx:cad>0</gpxtpx:cad></gpxtpx:TrackPointExtension></extensions></trkpt><trkpt lat="50.020444578" lon="14"><time>2026-09-09T10:06:12.000Z</time><extensions><gpxtpx:TrackPointExtension><gpxtpx:hr>78</gpxtpx:hr><gpxtpx:cad>0</gpxtpx:cad></gpxtpx:TrackPointExtension></extensions></trkpt><trkpt lat="50.020499536" lon="14"><time>2026-09-09T10:06:13.000Z</time><extensions><gpxtpx:TrackPointExtension><gpxtpx:hr>78</gpxtpx:hr><gpxtpx:cad>0</gpxtpx:cad></gpxtpx:TrackPointExtension></extensions></trkpt><trkpt lat="50.020554495" lon="14"><time>2026-09-09T10:06:14.000Z</time><extensions><gpxtpx:TrackPointExtension><gpxtpx:hr>78</gpxtpx:hr><gpxtpx:cad>0</gpxtpx:cad></gpxtpx:TrackPointExtension></extensions></trkpt><trkpt lat="50.020609453" lon="14"><time>2026-09-09T10:06:15.000Z</time><extensions><gpxtpx:TrackPointExtension><gpxtpx:hr>78</gpxtpx:hr><gpxtpx:cad>0</gpxtpx:cad></gpxtpx:TrackPointExtension></extensions></trkpt><trkpt lat="50.020664412" lon="14"><time>2026-09-09T10:06:16.000Z</time><extensions><gpxtpx:TrackPointExtension><gpxtpx:hr>78</gpxtpx:hr><gpxtpx:cad>0</gpxtpx:cad></gpxtpx:TrackPointExtension></extensions></trkpt><trkpt lat="50.020719371" lon="14"><time>2026-09-09T10:06:17.000Z</time><extensions><gpxtpx:TrackPointExtension><gpxtpx:hr>78</gpxtpx:hr><gpxtpx:cad>0</gpxtpx:cad></gpxtpx:TrackPointExtension></extensions></trkpt><trkpt lat="50.020774329" lon="14"><time>2026-09-09T10:06:18.000Z</time><extensions><gpxtpx:TrackPointExtension><gpxtpx:hr>78</gpxtpx:hr><gpxtpx:cad>0</gpxtpx:cad></gpxtpx:TrackPointExtension></extensions></trkpt><trkpt lat="50.020829288" lon="14"><time>2026-09-09T10:06:19.000Z</time><extensions><gpxtpx:TrackPointExtension><gpxtpx:hr>78</gpxtpx:hr><gpxtpx:cad>0</gpxtpx:cad></gpxtpx:TrackPointExtension></extensions></trkpt><trkpt lat="50.020884246" lon="14"><time>2026-09-09T10:06:20.000Z</time><extensions><gpxtpx:TrackPointExtension><gpxtpx:hr>78</gpxtpx:hr><gpxtpx:cad>0</gpxtpx:cad></gpxtpx:TrackPointExtension></extensions></trkpt><trkpt lat="50.020939205" lon="14"><time>2026-09-09T10:06:21.000Z</time><extensions><gpxtpx:TrackPointExtension><gpxtpx:hr>78</gpxtpx:hr><gpxtpx:cad>0</gpxtpx:cad></gpxtpx:TrackPointExtension></extensions></trkpt><trkpt lat="50.020994163" lon="14"><time>2026-09-09T10:06:22.000Z</time><extensions><gpxtpx:TrackPointExtension><gpxtpx:hr>78</gpxtpx:hr><gpxtpx:cad>0</gpxtpx:cad></gpxtpx:TrackPointExtension></extensions></trkpt><trkpt lat="50.021049122" lon="14"><time>2026-09-09T10:06:23.000Z</time><extensions><gpxtpx:TrackPointExtension><gpxtpx:hr>78</gpxtpx:hr><gpxtpx:cad>0</gpxtpx:cad></gpxtpx:TrackPointExtension></extensions></trkpt><trkpt lat="50.021104080" lon="14"><time>2026-09-09T10:06:24.000Z</time><extensions><gpxtpx:TrackPointExtension><gpxtpx:hr>78</gpxtpx:hr><gpxtpx:cad>0</gpxtpx:cad></gpxtpx:TrackPointExtension></extensions></trkpt><trkpt lat="50.021159039" lon="14"><time>2026-09-09T10:06:25.000Z</time><extensions><gpxtpx:TrackPointExtension><gpxtpx:hr>78</gpxtpx:hr><gpxtpx:cad>0</gpxtpx:cad></gpxtpx:TrackPointExtension></extensions></trkpt><trkpt lat="50.021213997" lon="14"><time>2026-09-09T10:06:26.000Z</time><extensions><gpxtpx:TrackPointExtension><gpxtpx:hr>78</gpxtpx:hr><gpxtpx:cad>0</gpxtpx:cad></gpxtpx:TrackPointExtension></extensions></trkpt><trkpt lat="50.021268956" lon="14"><time>2026-09-09T10:06:27.000Z</time><extensions><gpxtpx:TrackPointExtension><gpxtpx:hr>78</gpxtpx:hr><gpxtpx:cad>0</gpxtpx:cad></gpxtpx:TrackPointExtension></extensions></trkpt><trkpt lat="50.021323915" lon="14"><time>2026-09-09T10:06:28.000Z</time><extensions><gpxtpx:TrackPointExtension><gpxtpx:hr>78</gpxtpx:hr><gpxtpx:cad>0</gpxtpx:cad></gpxtpx:TrackPointExtension></extensions></trkpt><trkpt lat="50.021378873" lon="14"><time>2026-09-09T10:06:29.000Z</time><extensions><gpxtpx:TrackPointExtension><gpxtpx:hr>78</gpxtpx:hr><gpxtpx:cad>0</gpxtpx:cad></gpxtpx:TrackPointExtension></extensions></trkpt><trkpt lat="50.021433832" lon="14"><time>2026-09-09T10:06:30.000Z</time><extensions><gpxtpx:TrackPointExtension><gpxtpx:hr>78</gpxtpx:hr><gpxtpx:cad>0</gpxtpx:cad></gpxtpx:TrackPointExtension></extensions></trkpt><trkpt lat="50.021488790" lon="14"><time>2026-09-09T10:06:31.000Z</time><extensions><gpxtpx:TrackPointExtension><gpxtpx:hr>78</gpxtpx:hr><gpxtpx:cad>0</gpxtpx:cad></gpxtpx:TrackPointExtension></extensions></trkpt><trkpt lat="50.021543749" lon="14"><time>2026-09-09T10:06:32.000Z</time><extensions><gpxtpx:TrackPointExtension><gpxtpx:hr>78</gpxtpx:hr><gpxtpx:cad>0</gpxtpx:cad></gpxtpx:TrackPointExtension></extensions></trkpt><trkpt lat="50.021598707" lon="14"><time>2026-09-09T10:06:33.000Z</time><extensions><gpxtpx:TrackPointExtension><gpxtpx:hr>78</gpxtpx:hr><gpxtpx:cad>0</gpxtpx:cad></gpxtpx:TrackPointExtension></extensions></trkpt><trkpt lat="50.021653666" lon="14"><time>2026-09-09T10:06:34.000Z</time><extensions><gpxtpx:TrackPointExtension><gpxtpx:hr>78</gpxtpx:hr><gpxtpx:cad>0</gpxtpx:cad></gpxtpx:TrackPointExtension></extensions></trkpt><trkpt lat="50.021708624" lon="14"><time>2026-09-09T10:06:35.000Z</time><extensions><gpxtpx:TrackPointExtension><gpxtpx:hr>78</gpxtpx:hr><gpxtpx:cad>0</gpxtpx:cad></gpxtpx:TrackPointExtension></extensions></trkpt><trkpt lat="50.021763583" lon="14"><time>2026-09-09T10:06:36.000Z</time><extensions><gpxtpx:TrackPointExtension><gpxtpx:hr>78</gpxtpx:hr><gpxtpx:cad>0</gpxtpx:cad></gpxtpx:TrackPointExtension></extensions></trkpt><trkpt lat="50.021818541" lon="14"><time>2026-09-09T10:06:37.000Z</time><extensions><gpxtpx:TrackPointExtension><gpxtpx:hr>78</gpxtpx:hr><gpxtpx:cad>0</gpxtpx:cad></gpxtpx:TrackPointExtension></extensions></trkpt><trkpt lat="50.021873500" lon="14"><time>2026-09-09T10:06:38.000Z</time><extensions><gpxtpx:TrackPointExtension><gpxtpx:hr>78</gpxtpx:hr><gpxtpx:cad>0</gpxtpx:cad></gpxtpx:TrackPointExtension></extensions></trkpt><trkpt lat="50.021928458" lon="14"><time>2026-09-09T10:06:39.000Z</time><extensions><gpxtpx:TrackPointExtension><gpxtpx:hr>78</gpxtpx:hr><gpxtpx:cad>0</gpxtpx:cad></gpxtpx:TrackPointExtension></extensions></trkpt><trkpt lat="50.021983417" lon="14"><time>2026-09-09T10:06:40.000Z</time><extensions><gpxtpx:TrackPointExtension><gpxtpx:hr>78</gpxtpx:hr><gpxtpx:cad>0</gpxtpx:cad></gpxtpx:TrackPointExtension></extensions></trkpt><trkpt lat="50.022038376" lon="14"><time>2026-09-09T10:06:41.000Z</time><extensions><gpxtpx:TrackPointExtension><gpxtpx:hr>78</gpxtpx:hr><gpxtpx:cad>0</gpxtpx:cad></gpxtpx:TrackPointExtension></extensions></trkpt><trkpt lat="50.022093334" lon="14"><time>2026-09-09T10:06:42.000Z</time><extensions><gpxtpx:TrackPointExtension><gpxtpx:hr>78</gpxtpx:hr><gpxtpx:cad>0</gpxtpx:cad></gpxtpx:TrackPointExtension></extensions></trkpt><trkpt lat="50.022148293" lon="14"><time>2026-09-09T10:06:43.000Z</time><extensions><gpxtpx:TrackPointExtension><gpxtpx:hr>78</gpxtpx:hr><gpxtpx:cad>0</gpxtpx:cad></gpxtpx:TrackPointExtension></extensions></trkpt><trkpt lat="50.022203251" lon="14"><time>2026-09-09T10:06:44.000Z</time><extensions><gpxtpx:TrackPointExtension><gpxtpx:hr>78</gpxtpx:hr><gpxtpx:cad>0</gpxtpx:cad></gpxtpx:TrackPointExtension></extensions></trkpt><trkpt lat="50.022258210" lon="14"><time>2026-09-09T10:06:45.000Z</time><extensions><gpxtpx:TrackPointExtension><gpxtpx:hr>78</gpxtpx:hr><gpxtpx:cad>0</gpxtpx:cad></gpxtpx:TrackPointExtension></extensions></trkpt><trkpt lat="50.022313168" lon="14"><time>2026-09-09T10:06:46.000Z</time><extensions><gpxtpx:TrackPointExtension><gpxtpx:hr>78</gpxtpx:hr><gpxtpx:cad>0</gpxtpx:cad></gpxtpx:TrackPointExtension></extensions></trkpt><trkpt lat="50.022368127" lon="14"><time>2026-09-09T10:06:47.000Z</time><extensions><gpxtpx:TrackPointExtension><gpxtpx:hr>78</gpxtpx:hr><gpxtpx:cad>0</gpxtpx:cad></gpxtpx:TrackPointExtension></extensions></trkpt><trkpt lat="50.022423085" lon="14"><time>2026-09-09T10:06:48.000Z</time><extensions><gpxtpx:TrackPointExtension><gpxtpx:hr>78</gpxtpx:hr><gpxtpx:cad>0</gpxtpx:cad></gpxtpx:TrackPointExtension></extensions></trkpt><trkpt lat="50.022478044" lon="14"><time>2026-09-09T10:06:49.000Z</time><extensions><gpxtpx:TrackPointExtension><gpxtpx:hr>78</gpxtpx:hr><gpxtpx:cad>0</gpxtpx:cad></gpxtpx:TrackPointExtension></extensions></trkpt><trkpt lat="50.022533002" lon="14"><time>2026-09-09T10:06:50.000Z</time><extensions><gpxtpx:TrackPointExtension><gpxtpx:hr>78</gpxtpx:hr><gpxtpx:cad>0</gpxtpx:cad></gpxtpx:TrackPointExtension></extensions></trkpt><trkpt lat="50.022587961" lon="14"><time>2026-09-09T10:06:51.000Z</time><extensions><gpxtpx:TrackPointExtension><gpxtpx:hr>78</gpxtpx:hr><gpxtpx:cad>0</gpxtpx:cad></gpxtpx:TrackPointExtension></extensions></trkpt><trkpt lat="50.022642920" lon="14"><time>2026-09-09T10:06:52.000Z</time><extensions><gpxtpx:TrackPointExtension><gpxtpx:hr>78</gpxtpx:hr><gpxtpx:cad>0</gpxtpx:cad></gpxtpx:TrackPointExtension></extensions></trkpt><trkpt lat="50.022697878" lon="14"><time>2026-09-09T10:06:53.000Z</time><extensions><gpxtpx:TrackPointExtension><gpxtpx:hr>78</gpxtpx:hr><gpxtpx:cad>0</gpxtpx:cad></gpxtpx:TrackPointExtension></extensions></trkpt><trkpt lat="50.022752837" lon="14"><time>2026-09-09T10:06:54.000Z</time><extensions><gpxtpx:TrackPointExtension><gpxtpx:hr>78</gpxtpx:hr><gpxtpx:cad>0</gpxtpx:cad></gpxtpx:TrackPointExtension></extensions></trkpt><trkpt lat="50.022807795" lon="14"><time>2026-09-09T10:06:55.000Z</time><extensions><gpxtpx:TrackPointExtension><gpxtpx:hr>78</gpxtpx:hr><gpxtpx:cad>0</gpxtpx:cad></gpxtpx:TrackPointExtension></extensions></trkpt><trkpt lat="50.022862754" lon="14"><time>2026-09-09T10:06:56.000Z</time><extensions><gpxtpx:TrackPointExtension><gpxtpx:hr>78</gpxtpx:hr><gpxtpx:cad>0</gpxtpx:cad></gpxtpx:TrackPointExtension></extensions></trkpt><trkpt lat="50.022917712" lon="14"><time>2026-09-09T10:06:57.000Z</time><extensions><gpxtpx:TrackPointExtension><gpxtpx:hr>78</gpxtpx:hr><gpxtpx:cad>0</gpxtpx:cad></gpxtpx:TrackPointExtension></extensions></trkpt><trkpt lat="50.022972671" lon="14"><time>2026-09-09T10:06:58.000Z</time><extensions><gpxtpx:TrackPointExtension><gpxtpx:hr>78</gpxtpx:hr><gpxtpx:cad>0</gpxtpx:cad></gpxtpx:TrackPointExtension></extensions></trkpt><trkpt lat="50.023027629" lon="14"><time>2026-09-09T10:06:59.000Z</time><extensions><gpxtpx:TrackPointExtension><gpxtpx:hr>78</gpxtpx:hr><gpxtpx:cad>0</gpxtpx:cad></gpxtpx:TrackPointExtension></extensions></trkpt><trkpt lat="50.023082588" lon="14"><time>2026-09-09T10:07:00.000Z</time><extensions><gpxtpx:TrackPointExtension><gpxtpx:hr>78</gpxtpx:hr><gpxtpx:cad>0</gpxtpx:cad></gpxtpx:TrackPointExtension></extensions></trkpt><trkpt lat="50.023137546" lon="14"><time>2026-09-09T10:07:01.000Z</time><extensions><gpxtpx:TrackPointExtension><gpxtpx:hr>78</gpxtpx:hr><gpxtpx:cad>0</gpxtpx:cad></gpxtpx:TrackPointExtension></extensions></trkpt><trkpt lat="50.023192505" lon="14"><time>2026-09-09T10:07:02.000Z</time><extensions><gpxtpx:TrackPointExtension><gpxtpx:hr>78</gpxtpx:hr><gpxtpx:cad>0</gpxtpx:cad></gpxtpx:TrackPointExtension></extensions></trkpt><trkpt lat="50.023247464" lon="14"><time>2026-09-09T10:07:03.000Z</time><extensions><gpxtpx:TrackPointExtension><gpxtpx:hr>78</gpxtpx:hr><gpxtpx:cad>0</gpxtpx:cad></gpxtpx:TrackPointExtension></extensions></trkpt><trkpt lat="50.023302422" lon="14"><time>2026-09-09T10:07:04.000Z</time><extensions><gpxtpx:TrackPointExtension><gpxtpx:hr>78</gpxtpx:hr><gpxtpx:cad>0</gpxtpx:cad></gpxtpx:TrackPointExtension></extensions></trkpt><trkpt lat="50.023357381" lon="14"><time>2026-09-09T10:07:05.000Z</time><extensions><gpxtpx:TrackPointExtension><gpxtpx:hr>78</gpxtpx:hr><gpxtpx:cad>0</gpxtpx:cad></gpxtpx:TrackPointExtension></extensions></trkpt><trkpt lat="50.023412339" lon="14"><time>2026-09-09T10:07:06.000Z</time><extensions><gpxtpx:TrackPointExtension><gpxtpx:hr>78</gpxtpx:hr><gpxtpx:cad>0</gpxtpx:cad></gpxtpx:TrackPointExtension></extensions></trkpt><trkpt lat="50.023467298" lon="14"><time>2026-09-09T10:07:07.000Z</time><extensions><gpxtpx:TrackPointExtension><gpxtpx:hr>78</gpxtpx:hr><gpxtpx:cad>0</gpxtpx:cad></gpxtpx:TrackPointExtension></extensions></trkpt><trkpt lat="50.023522256" lon="14"><time>2026-09-09T10:07:08.000Z</time><extensions><gpxtpx:TrackPointExtension><gpxtpx:hr>78</gpxtpx:hr><gpxtpx:cad>0</gpxtpx:cad></gpxtpx:TrackPointExtension></extensions></trkpt><trkpt lat="50.023577215" lon="14"><time>2026-09-09T10:07:09.000Z</time><extensions><gpxtpx:TrackPointExtension><gpxtpx:hr>78</gpxtpx:hr><gpxtpx:cad>0</gpxtpx:cad></gpxtpx:TrackPointExtension></extensions></trkpt><trkpt lat="50.023632173" lon="14"><time>2026-09-09T10:07:10.000Z</time><extensions><gpxtpx:TrackPointExtension><gpxtpx:hr>78</gpxtpx:hr><gpxtpx:cad>0</gpxtpx:cad></gpxtpx:TrackPointExtension></extensions></trkpt><trkpt lat="50.023687132" lon="14"><time>2026-09-09T10:07:11.000Z</time><extensions><gpxtpx:TrackPointExtension><gpxtpx:hr>78</gpxtpx:hr><gpxtpx:cad>0</gpxtpx:cad></gpxtpx:TrackPointExtension></extensions></trkpt><trkpt lat="50.023742090" lon="14"><time>2026-09-09T10:07:12.000Z</time><extensions><gpxtpx:TrackPointExtension><gpxtpx:hr>78</gpxtpx:hr><gpxtpx:cad>0</gpxtpx:cad></gpxtpx:TrackPointExtension></extensions></trkpt><trkpt lat="50.023797049" lon="14"><time>2026-09-09T10:07:13.000Z</time><extensions><gpxtpx:TrackPointExtension><gpxtpx:hr>78</gpxtpx:hr><gpxtpx:cad>0</gpxtpx:cad></gpxtpx:TrackPointExtension></extensions></trkpt><trkpt lat="50.023852007" lon="14"><time>2026-09-09T10:07:14.000Z</time><extensions><gpxtpx:TrackPointExtension><gpxtpx:hr>78</gpxtpx:hr><gpxtpx:cad>0</gpxtpx:cad></gpxtpx:TrackPointExtension></extensions></trkpt><trkpt lat="50.023906966" lon="14"><time>2026-09-09T10:07:15.000Z</time><extensions><gpxtpx:TrackPointExtension><gpxtpx:hr>78</gpxtpx:hr><gpxtpx:cad>0</gpxtpx:cad></gpxtpx:TrackPointExtension></extensions></trkpt><trkpt lat="50.023961925" lon="14"><time>2026-09-09T10:07:16.000Z</time><extensions><gpxtpx:TrackPointExtension><gpxtpx:hr>78</gpxtpx:hr><gpxtpx:cad>0</gpxtpx:cad></gpxtpx:TrackPointExtension></extensions></trkpt><trkpt lat="50.024016883" lon="14"><time>2026-09-09T10:07:17.000Z</time><extensions><gpxtpx:TrackPointExtension><gpxtpx:hr>78</gpxtpx:hr><gpxtpx:cad>0</gpxtpx:cad></gpxtpx:TrackPointExtension></extensions></trkpt><trkpt lat="50.024071842" lon="14"><time>2026-09-09T10:07:18.000Z</time><extensions><gpxtpx:TrackPointExtension><gpxtpx:hr>78</gpxtpx:hr><gpxtpx:cad>0</gpxtpx:cad></gpxtpx:TrackPointExtension></extensions></trkpt><trkpt lat="50.024126800" lon="14"><time>2026-09-09T10:07:19.000Z</time><extensions><gpxtpx:TrackPointExtension><gpxtpx:hr>78</gpxtpx:hr><gpxtpx:cad>0</gpxtpx:cad></gpxtpx:TrackPointExtension></extensions></trkpt><trkpt lat="50.024181759" lon="14"><time>2026-09-09T10:07:20.000Z</time><extensions><gpxtpx:TrackPointExtension><gpxtpx:hr>78</gpxtpx:hr><gpxtpx:cad>0</gpxtpx:cad></gpxtpx:TrackPointExtension></extensions></trkpt><trkpt lat="50.024236717" lon="14"><time>2026-09-09T10:07:21.000Z</time><extensions><gpxtpx:TrackPointExtension><gpxtpx:hr>78</gpxtpx:hr><gpxtpx:cad>0</gpxtpx:cad></gpxtpx:TrackPointExtension></extensions></trkpt><trkpt lat="50.024291676" lon="14"><time>2026-09-09T10:07:22.000Z</time><extensions><gpxtpx:TrackPointExtension><gpxtpx:hr>78</gpxtpx:hr><gpxtpx:cad>0</gpxtpx:cad></gpxtpx:TrackPointExtension></extensions></trkpt><trkpt lat="50.024346634" lon="14"><time>2026-09-09T10:07:23.000Z</time><extensions><gpxtpx:TrackPointExtension><gpxtpx:hr>78</gpxtpx:hr><gpxtpx:cad>0</gpxtpx:cad></gpxtpx:TrackPointExtension></extensions></trkpt><trkpt lat="50.024401593" lon="14"><time>2026-09-09T10:07:24.000Z</time><extensions><gpxtpx:TrackPointExtension><gpxtpx:hr>78</gpxtpx:hr><gpxtpx:cad>0</gpxtpx:cad></gpxtpx:TrackPointExtension></extensions></trkpt><trkpt lat="50.024456551" lon="14"><time>2026-09-09T10:07:25.000Z</time><extensions><gpxtpx:TrackPointExtension><gpxtpx:hr>78</gpxtpx:hr><gpxtpx:cad>0</gpxtpx:cad></gpxtpx:TrackPointExtension></extensions></trkpt><trkpt lat="50.024511510" lon="14"><time>2026-09-09T10:07:26.000Z</time><extensions><gpxtpx:TrackPointExtension><gpxtpx:hr>78</gpxtpx:hr><gpxtpx:cad>0</gpxtpx:cad></gpxtpx:TrackPointExtension></extensions></trkpt><trkpt lat="50.024566469" lon="14"><time>2026-09-09T10:07:27.000Z</time><extensions><gpxtpx:TrackPointExtension><gpxtpx:hr>78</gpxtpx:hr><gpxtpx:cad>0</gpxtpx:cad></gpxtpx:TrackPointExtension></extensions></trkpt><trkpt lat="50.024621427" lon="14"><time>2026-09-09T10:07:28.000Z</time><extensions><gpxtpx:TrackPointExtension><gpxtpx:hr>78</gpxtpx:hr><gpxtpx:cad>0</gpxtpx:cad></gpxtpx:TrackPointExtension></extensions></trkpt><trkpt lat="50.024676386" lon="14"><time>2026-09-09T10:07:29.000Z</time><extensions><gpxtpx:TrackPointExtension><gpxtpx:hr>78</gpxtpx:hr><gpxtpx:cad>0</gpxtpx:cad></gpxtpx:TrackPointExtension></extensions></trkpt><trkpt lat="50.024731344" lon="14"><time>2026-09-09T10:07:30.000Z</time><extensions><gpxtpx:TrackPointExtension><gpxtpx:hr>78</gpxtpx:hr><gpxtpx:cad>0</gpxtpx:cad></gpxtpx:TrackPointExtension></extensions></trkpt><trkpt lat="50.024786303" lon="14"><time>2026-09-09T10:07:31.000Z</time><extensions><gpxtpx:TrackPointExtension><gpxtpx:hr>78</gpxtpx:hr><gpxtpx:cad>0</gpxtpx:cad></gpxtpx:TrackPointExtension></extensions></trkpt><trkpt lat="50.024841261" lon="14"><time>2026-09-09T10:07:32.000Z</time><extensions><gpxtpx:TrackPointExtension><gpxtpx:hr>78</gpxtpx:hr><gpxtpx:cad>0</gpxtpx:cad></gpxtpx:TrackPointExtension></extensions></trkpt><trkpt lat="50.024896220" lon="14"><time>2026-09-09T10:07:33.000Z</time><extensions><gpxtpx:TrackPointExtension><gpxtpx:hr>78</gpxtpx:hr><gpxtpx:cad>0</gpxtpx:cad></gpxtpx:TrackPointExtension></extensions></trkpt><trkpt lat="50.024951178" lon="14"><time>2026-09-09T10:07:34.000Z</time><extensions><gpxtpx:TrackPointExtension><gpxtpx:hr>78</gpxtpx:hr><gpxtpx:cad>0</gpxtpx:cad></gpxtpx:TrackPointExtension></extensions></trkpt><trkpt lat="50.025006137" lon="14"><time>2026-09-09T10:07:35.000Z</time><extensions><gpxtpx:TrackPointExtension><gpxtpx:hr>78</gpxtpx:hr><gpxtpx:cad>0</gpxtpx:cad></gpxtpx:TrackPointExtension></extensions></trkpt><trkpt lat="50.025061095" lon="14"><time>2026-09-09T10:07:36.000Z</time><extensions><gpxtpx:TrackPointExtension><gpxtpx:hr>78</gpxtpx:hr><gpxtpx:cad>0</gpxtpx:cad></gpxtpx:TrackPointExtension></extensions></trkpt><trkpt lat="50.025116054" lon="14"><time>2026-09-09T10:07:37.000Z</time><extensions><gpxtpx:TrackPointExtension><gpxtpx:hr>78</gpxtpx:hr><gpxtpx:cad>0</gpxtpx:cad></gpxtpx:TrackPointExtension></extensions></trkpt><trkpt lat="50.025171013" lon="14"><time>2026-09-09T10:07:38.000Z</time><extensions><gpxtpx:TrackPointExtension><gpxtpx:hr>78</gpxtpx:hr><gpxtpx:cad>0</gpxtpx:cad></gpxtpx:TrackPointExtension></extensions></trkpt><trkpt lat="50.025225971" lon="14"><time>2026-09-09T10:07:39.000Z</time><extensions><gpxtpx:TrackPointExtension><gpxtpx:hr>78</gpxtpx:hr><gpxtpx:cad>0</gpxtpx:cad></gpxtpx:TrackPointExtension></extensions></trkpt><trkpt lat="50.025280930" lon="14"><time>2026-09-09T10:07:40.000Z</time><extensions><gpxtpx:TrackPointExtension><gpxtpx:hr>78</gpxtpx:hr><gpxtpx:cad>0</gpxtpx:cad></gpxtpx:TrackPointExtension></extensions></trkpt><trkpt lat="50.025335888" lon="14"><time>2026-09-09T10:07:41.000Z</time><extensions><gpxtpx:TrackPointExtension><gpxtpx:hr>78</gpxtpx:hr><gpxtpx:cad>0</gpxtpx:cad></gpxtpx:TrackPointExtension></extensions></trkpt><trkpt lat="50.025390847" lon="14"><time>2026-09-09T10:07:42.000Z</time><extensions><gpxtpx:TrackPointExtension><gpxtpx:hr>78</gpxtpx:hr><gpxtpx:cad>0</gpxtpx:cad></gpxtpx:TrackPointExtension></extensions></trkpt><trkpt lat="50.025445805" lon="14"><time>2026-09-09T10:07:43.000Z</time><extensions><gpxtpx:TrackPointExtension><gpxtpx:hr>78</gpxtpx:hr><gpxtpx:cad>0</gpxtpx:cad></gpxtpx:TrackPointExtension></extensions></trkpt><trkpt lat="50.025500764" lon="14"><time>2026-09-09T10:07:44.000Z</time><extensions><gpxtpx:TrackPointExtension><gpxtpx:hr>78</gpxtpx:hr><gpxtpx:cad>0</gpxtpx:cad></gpxtpx:TrackPointExtension></extensions></trkpt><trkpt lat="50.025555722" lon="14"><time>2026-09-09T10:07:45.000Z</time><extensions><gpxtpx:TrackPointExtension><gpxtpx:hr>78</gpxtpx:hr><gpxtpx:cad>0</gpxtpx:cad></gpxtpx:TrackPointExtension></extensions></trkpt><trkpt lat="50.025610681" lon="14"><time>2026-09-09T10:07:46.000Z</time><extensions><gpxtpx:TrackPointExtension><gpxtpx:hr>78</gpxtpx:hr><gpxtpx:cad>0</gpxtpx:cad></gpxtpx:TrackPointExtension></extensions></trkpt><trkpt lat="50.025665639" lon="14"><time>2026-09-09T10:07:47.000Z</time><extensions><gpxtpx:TrackPointExtension><gpxtpx:hr>78</gpxtpx:hr><gpxtpx:cad>0</gpxtpx:cad></gpxtpx:TrackPointExtension></extensions></trkpt><trkpt lat="50.025720598" lon="14"><time>2026-09-09T10:07:48.000Z</time><extensions><gpxtpx:TrackPointExtension><gpxtpx:hr>78</gpxtpx:hr><gpxtpx:cad>0</gpxtpx:cad></gpxtpx:TrackPointExtension></extensions></trkpt><trkpt lat="50.025775556" lon="14"><time>2026-09-09T10:07:49.000Z</time><extensions><gpxtpx:TrackPointExtension><gpxtpx:hr>78</gpxtpx:hr><gpxtpx:cad>0</gpxtpx:cad></gpxtpx:TrackPointExtension></extensions></trkpt><trkpt lat="50.025830515" lon="14"><time>2026-09-09T10:07:50.000Z</time><extensions><gpxtpx:TrackPointExtension><gpxtpx:hr>78</gpxtpx:hr><gpxtpx:cad>0</gpxtpx:cad></gpxtpx:TrackPointExtension></extensions></trkpt><trkpt lat="50.025885474" lon="14"><time>2026-09-09T10:07:51.000Z</time><extensions><gpxtpx:TrackPointExtension><gpxtpx:hr>78</gpxtpx:hr><gpxtpx:cad>0</gpxtpx:cad></gpxtpx:TrackPointExtension></extensions></trkpt><trkpt lat="50.025940432" lon="14"><time>2026-09-09T10:07:52.000Z</time><extensions><gpxtpx:TrackPointExtension><gpxtpx:hr>78</gpxtpx:hr><gpxtpx:cad>0</gpxtpx:cad></gpxtpx:TrackPointExtension></extensions></trkpt><trkpt lat="50.025995391" lon="14"><time>2026-09-09T10:07:53.000Z</time><extensions><gpxtpx:TrackPointExtension><gpxtpx:hr>78</gpxtpx:hr><gpxtpx:cad>0</gpxtpx:cad></gpxtpx:TrackPointExtension></extensions></trkpt><trkpt lat="50.026050349" lon="14"><time>2026-09-09T10:07:54.000Z</time><extensions><gpxtpx:TrackPointExtension><gpxtpx:hr>78</gpxtpx:hr><gpxtpx:cad>0</gpxtpx:cad></gpxtpx:TrackPointExtension></extensions></trkpt><trkpt lat="50.026105308" lon="14"><time>2026-09-09T10:07:55.000Z</time><extensions><gpxtpx:TrackPointExtension><gpxtpx:hr>78</gpxtpx:hr><gpxtpx:cad>0</gpxtpx:cad></gpxtpx:TrackPointExtension></extensions></trkpt><trkpt lat="50.026160266" lon="14"><time>2026-09-09T10:07:56.000Z</time><extensions><gpxtpx:TrackPointExtension><gpxtpx:hr>78</gpxtpx:hr><gpxtpx:cad>0</gpxtpx:cad></gpxtpx:TrackPointExtension></extensions></trkpt><trkpt lat="50.026215225" lon="14"><time>2026-09-09T10:07:57.000Z</time><extensions><gpxtpx:TrackPointExtension><gpxtpx:hr>78</gpxtpx:hr><gpxtpx:cad>0</gpxtpx:cad></gpxtpx:TrackPointExtension></extensions></trkpt><trkpt lat="50.026270183" lon="14"><time>2026-09-09T10:07:58.000Z</time><extensions><gpxtpx:TrackPointExtension><gpxtpx:hr>78</gpxtpx:hr><gpxtpx:cad>0</gpxtpx:cad></gpxtpx:TrackPointExtension></extensions></trkpt><trkpt lat="50.026325142" lon="14"><time>2026-09-09T10:07:59.000Z</time><extensions><gpxtpx:TrackPointExtension><gpxtpx:hr>78</gpxtpx:hr><gpxtpx:cad>0</gpxtpx:cad></gpxtpx:TrackPointExtension></extensions></trkpt><trkpt lat="50.026380100" lon="14"><time>2026-09-09T10:08:00.000Z</time><extensions><gpxtpx:TrackPointExtension><gpxtpx:hr>78</gpxtpx:hr><gpxtpx:cad>0</gpxtpx:cad></gpxtpx:TrackPointExtension></extensions></trkpt><trkpt lat="50.026435059" lon="14"><time>2026-09-09T10:08:01.000Z</time><extensions><gpxtpx:TrackPointExtension><gpxtpx:hr>78</gpxtpx:hr><gpxtpx:cad>0</gpxtpx:cad></gpxtpx:TrackPointExtension></extensions></trkpt><trkpt lat="50.026490018" lon="14"><time>2026-09-09T10:08:02.000Z</time><extensions><gpxtpx:TrackPointExtension><gpxtpx:hr>78</gpxtpx:hr><gpxtpx:cad>0</gpxtpx:cad></gpxtpx:TrackPointExtension></extensions></trkpt><trkpt lat="50.026544976" lon="14"><time>2026-09-09T10:08:03.000Z</time><extensions><gpxtpx:TrackPointExtension><gpxtpx:hr>78</gpxtpx:hr><gpxtpx:cad>0</gpxtpx:cad></gpxtpx:TrackPointExtension></extensions></trkpt><trkpt lat="50.026599935" lon="14"><time>2026-09-09T10:08:04.000Z</time><extensions><gpxtpx:TrackPointExtension><gpxtpx:hr>78</gpxtpx:hr><gpxtpx:cad>0</gpxtpx:cad></gpxtpx:TrackPointExtension></extensions></trkpt><trkpt lat="50.026654893" lon="14"><time>2026-09-09T10:08:05.000Z</time><extensions><gpxtpx:TrackPointExtension><gpxtpx:hr>78</gpxtpx:hr><gpxtpx:cad>0</gpxtpx:cad></gpxtpx:TrackPointExtension></extensions></trkpt><trkpt lat="50.026709852" lon="14"><time>2026-09-09T10:08:06.000Z</time><extensions><gpxtpx:TrackPointExtension><gpxtpx:hr>78</gpxtpx:hr><gpxtpx:cad>0</gpxtpx:cad></gpxtpx:TrackPointExtension></extensions></trkpt><trkpt lat="50.026764810" lon="14"><time>2026-09-09T10:08:07.000Z</time><extensions><gpxtpx:TrackPointExtension><gpxtpx:hr>78</gpxtpx:hr><gpxtpx:cad>0</gpxtpx:cad></gpxtpx:TrackPointExtension></extensions></trkpt><trkpt lat="50.026819769" lon="14"><time>2026-09-09T10:08:08.000Z</time><extensions><gpxtpx:TrackPointExtension><gpxtpx:hr>78</gpxtpx:hr><gpxtpx:cad>0</gpxtpx:cad></gpxtpx:TrackPointExtension></extensions></trkpt><trkpt lat="50.026874727" lon="14"><time>2026-09-09T10:08:09.000Z</time><extensions><gpxtpx:TrackPointExtension><gpxtpx:hr>78</gpxtpx:hr><gpxtpx:cad>0</gpxtpx:cad></gpxtpx:TrackPointExtension></extensions></trkpt><trkpt lat="50.026929686" lon="14"><time>2026-09-09T10:08:10.000Z</time><extensions><gpxtpx:TrackPointExtension><gpxtpx:hr>78</gpxtpx:hr><gpxtpx:cad>0</gpxtpx:cad></gpxtpx:TrackPointExtension></extensions></trkpt><trkpt lat="50.026984644" lon="14"><time>2026-09-09T10:08:11.000Z</time><extensions><gpxtpx:TrackPointExtension><gpxtpx:hr>78</gpxtpx:hr><gpxtpx:cad>0</gpxtpx:cad></gpxtpx:TrackPointExtension></extensions></trkpt><trkpt lat="50.027039603" lon="14"><time>2026-09-09T10:08:12.000Z</time><extensions><gpxtpx:TrackPointExtension><gpxtpx:hr>78</gpxtpx:hr><gpxtpx:cad>0</gpxtpx:cad></gpxtpx:TrackPointExtension></extensions></trkpt><trkpt lat="50.027094561" lon="14"><time>2026-09-09T10:08:13.000Z</time><extensions><gpxtpx:TrackPointExtension><gpxtpx:hr>78</gpxtpx:hr><gpxtpx:cad>0</gpxtpx:cad></gpxtpx:TrackPointExtension></extensions></trkpt><trkpt lat="50.027149520" lon="14"><time>2026-09-09T10:08:14.000Z</time><extensions><gpxtpx:TrackPointExtension><gpxtpx:hr>78</gpxtpx:hr><gpxtpx:cad>0</gpxtpx:cad></gpxtpx:TrackPointExtension></extensions></trkpt><trkpt lat="50.027204479" lon="14"><time>2026-09-09T10:08:15.000Z</time><extensions><gpxtpx:TrackPointExtension><gpxtpx:hr>78</gpxtpx:hr><gpxtpx:cad>0</gpxtpx:cad></gpxtpx:TrackPointExtension></extensions></trkpt><trkpt lat="50.027259437" lon="14"><time>2026-09-09T10:08:16.000Z</time><extensions><gpxtpx:TrackPointExtension><gpxtpx:hr>78</gpxtpx:hr><gpxtpx:cad>0</gpxtpx:cad></gpxtpx:TrackPointExtension></extensions></trkpt><trkpt lat="50.027314396" lon="14"><time>2026-09-09T10:08:17.000Z</time><extensions><gpxtpx:TrackPointExtension><gpxtpx:hr>78</gpxtpx:hr><gpxtpx:cad>0</gpxtpx:cad></gpxtpx:TrackPointExtension></extensions></trkpt><trkpt lat="50.027369354" lon="14"><time>2026-09-09T10:08:18.000Z</time><extensions><gpxtpx:TrackPointExtension><gpxtpx:hr>78</gpxtpx:hr><gpxtpx:cad>0</gpxtpx:cad></gpxtpx:TrackPointExtension></extensions></trkpt><trkpt lat="50.027424313" lon="14"><time>2026-09-09T10:08:19.000Z</time><extensions><gpxtpx:TrackPointExtension><gpxtpx:hr>78</gpxtpx:hr><gpxtpx:cad>0</gpxtpx:cad></gpxtpx:TrackPointExtension></extensions></trkpt><trkpt lat="50.027479271" lon="14"><time>2026-09-09T10:08:20.000Z</time><extensions><gpxtpx:TrackPointExtension><gpxtpx:hr>78</gpxtpx:hr><gpxtpx:cad>0</gpxtpx:cad></gpxtpx:TrackPointExtension></extensions></trkpt><trkpt lat="50.027534230" lon="14"><time>2026-09-09T10:08:21.000Z</time><extensions><gpxtpx:TrackPointExtension><gpxtpx:hr>78</gpxtpx:hr><gpxtpx:cad>0</gpxtpx:cad></gpxtpx:TrackPointExtension></extensions></trkpt><trkpt lat="50.027589188" lon="14"><time>2026-09-09T10:08:22.000Z</time><extensions><gpxtpx:TrackPointExtension><gpxtpx:hr>78</gpxtpx:hr><gpxtpx:cad>0</gpxtpx:cad></gpxtpx:TrackPointExtension></extensions></trkpt><trkpt lat="50.027644147" lon="14"><time>2026-09-09T10:08:23.000Z</time><extensions><gpxtpx:TrackPointExtension><gpxtpx:hr>78</gpxtpx:hr><gpxtpx:cad>0</gpxtpx:cad></gpxtpx:TrackPointExtension></extensions></trkpt><trkpt lat="50.027699105" lon="14"><time>2026-09-09T10:08:24.000Z</time><extensions><gpxtpx:TrackPointExtension><gpxtpx:hr>78</gpxtpx:hr><gpxtpx:cad>0</gpxtpx:cad></gpxtpx:TrackPointExtension></extensions></trkpt><trkpt lat="50.027754064" lon="14"><time>2026-09-09T10:08:25.000Z</time><extensions><gpxtpx:TrackPointExtension><gpxtpx:hr>78</gpxtpx:hr><gpxtpx:cad>0</gpxtpx:cad></gpxtpx:TrackPointExtension></extensions></trkpt><trkpt lat="50.027809023" lon="14"><time>2026-09-09T10:08:26.000Z</time><extensions><gpxtpx:TrackPointExtension><gpxtpx:hr>78</gpxtpx:hr><gpxtpx:cad>0</gpxtpx:cad></gpxtpx:TrackPointExtension></extensions></trkpt><trkpt lat="50.027863981" lon="14"><time>2026-09-09T10:08:27.000Z</time><extensions><gpxtpx:TrackPointExtension><gpxtpx:hr>78</gpxtpx:hr><gpxtpx:cad>0</gpxtpx:cad></gpxtpx:TrackPointExtension></extensions></trkpt><trkpt lat="50.027918940" lon="14"><time>2026-09-09T10:08:28.000Z</time><extensions><gpxtpx:TrackPointExtension><gpxtpx:hr>78</gpxtpx:hr><gpxtpx:cad>0</gpxtpx:cad></gpxtpx:TrackPointExtension></extensions></trkpt></trkseg></trk></gpx>